id_consulta,id_paciente,id_profissional,data_consulta,motivo,diagnostico
1,133,106,2024-03-23,Dor no peito,Diabetes
2,172,67,2023-12-02,Dor de cabeça,Diabetes
3,972,298,2025-07-18,Dor no peito,Diabetes
4,445,910,2024-03-09,Febre,Diabetes
5,924,502,2023-11-26,Check-up,Hipertensão
6,169,971,2023-09-14,Dor no peito,Gripe
7,234,230,2024-02-26,Febre,Hipertensão
8,752,23,2024-10-13,Febre,Gripe
9,376,729,2024-05-01,Dor de cabeça,Nada constatado
10,898,656,2024-04-23,Check-up,Gripe
11,609,50,2023-10-01,Dor de cabeça,Gripe
12,50,707,2023-09-17,Dor de cabeça,Nada constatado
13,455,390,2023-12-10,Dor de cabeça,Diabetes
14,486,719,2025-01-25,Febre,Hipertensão
15,712,703,2025-03-14,Dor de cabeça,Diabetes
16,431,678,2024-07-15,Dor de cabeça,Diabetes
17,638,621,2024-02-09,Febre,Nada constatado
18,851,921,2024-07-25,Dor de cabeça,Gripe
19,290,117,2024-02-07,Dor de cabeça,Nada constatado
20,204,624,2025-03-07,Febre,Diabetes
21,852,536,2025-06-03,Febre,Diabetes
22,721,420,2024-07-01,Check-up,Hipertensão
23,41,562,2024-12-10,Dor no peito,Hipertensão
24,705,956,2025-07-10,Dor no peito,Diabetes
25,241,3,2023-11-10,Dor de cabeça,Gripe
26,929,114,2025-07-22,Dor no peito,Hipertensão
27,973,93,2023-10-28,Dor de cabeça,Gripe
28,927,263,2024-10-07,Febre,Nada constatado
29,304,271,2024-08-06,Dor no peito,Gripe
30,103,833,2023-08-23,Febre,Gripe
31,873,298,2024-05-01,Check-up,Diabetes
32,437,757,2025-05-21,Dor de cabeça,Gripe
33,872,777,2024-03-02,Dor de cabeça,Gripe
34,873,142,2024-05-30,Febre,Diabetes
35,367,916,2024-06-05,Dor no peito,Diabetes
36,900,751,2025-05-19,Dor de cabeça,Diabetes
37,835,351,2024-11-16,Febre,Gripe
38,411,410,2025-07-05,Dor no peito,Diabetes
39,856,395,2025-01-02,Dor no peito,Nada constatado
40,665,908,2023-11-01,Febre,Gripe
41,136,713,2024-06-30,Dor de cabeça,Hipertensão
42,107,427,2024-05-03,Dor no peito,Nada constatado
43,186,626,2024-08-25,Dor no peito,Diabetes
44,627,30,2025-05-10,Febre,Nada constatado
45,943,500,2024-11-20,Dor de cabeça,Nada constatado
46,452,48,2024-03-23,Dor de cabeça,Diabetes
47,671,322,2024-05-09,Dor de cabeça,Hipertensão
48,979,686,2023-09-26,Check-up,Gripe
49,444,678,2025-01-03,Febre,Nada constatado
50,355,680,2024-06-08,Dor no peito,Hipertensão
51,860,847,2024-08-19,Dor de cabeça,Gripe
52,659,957,2024-07-07,Febre,Nada constatado
53,873,508,2024-02-13,Febre,Gripe
54,770,504,2025-06-04,Check-up,Hipertensão
55,339,994,2025-06-03,Check-up,Gripe
56,520,229,2025-01-04,Dor no peito,Nada constatado
57,837,241,2023-08-26,Dor de cabeça,Nada constatado
58,455,821,2024-11-17,Dor no peito,Gripe
59,878,511,2024-12-05,Dor no peito,Diabetes
60,122,510,2023-09-06,Dor de cabeça,Gripe
61,414,423,2025-02-18,Dor de cabeça,Gripe
62,846,94,2025-03-29,Check-up,Hipertensão
63,671,688,2024-01-30,Dor no peito,Diabetes
64,373,846,2025-01-17,Dor de cabeça,Hipertensão
65,865,466,2025-04-21,Check-up,Nada constatado
66,734,673,2024-10-01,Check-up,Nada constatado
67,117,100,2023-07-30,Febre,Gripe
68,350,364,2023-11-21,Check-up,Diabetes
69,719,109,2025-05-16,Dor de cabeça,Hipertensão
70,505,144,2023-10-13,Dor no peito,Gripe
71,261,626,2024-03-05,Febre,Hipertensão
72,124,953,2024-05-10,Dor no peito,Hipertensão
73,469,845,2023-11-23,Febre,Diabetes
74,111,776,2024-10-08,Dor no peito,Gripe
75,949,649,2024-05-29,Dor de cabeça,Nada constatado
76,469,675,2025-05-17,Febre,Nada constatado
77,5,544,2023-09-18,Dor de cabeça,Nada constatado
78,859,600,2024-01-13,Dor no peito,Hipertensão
79,709,593,2024-05-20,Febre,Hipertensão
80,107,397,2025-06-01,Check-up,Nada constatado
81,429,624,2024-07-17,Febre,Diabetes
82,408,987,2024-12-24,Check-up,Diabetes
83,464,825,2023-10-04,Febre,Hipertensão
84,423,617,2024-04-20,Check-up,Diabetes
85,729,755,2024-07-19,Febre,Hipertensão
86,215,640,2024-07-21,Check-up,Diabetes
87,944,689,2024-12-04,Febre,Hipertensão
88,516,556,2024-09-11,Check-up,Gripe
89,780,361,2025-06-22,Dor no peito,Nada constatado
90,691,766,2025-04-19,Check-up,Nada constatado
91,828,14,2024-07-19,Dor de cabeça,Gripe
92,391,149,2023-10-16,Dor de cabeça,Gripe
93,205,274,2023-09-28,Febre,Diabetes
94,700,257,2023-12-11,Febre,Gripe
95,708,804,2025-02-11,Check-up,Hipertensão
96,772,555,2023-10-16,Dor de cabeça,Diabetes
97,834,464,2025-07-05,Dor de cabeça,Hipertensão
98,761,663,2025-07-09,Dor no peito,Hipertensão
99,524,804,2024-05-27,Check-up,Gripe
100,949,391,2025-03-11,Dor no peito,Nada constatado
101,980,808,2024-06-24,Check-up,Gripe
102,14,762,2023-12-25,Check-up,Hipertensão
103,636,890,2024-05-30,Dor no peito,Hipertensão
104,934,649,2024-04-04,Check-up,Hipertensão
105,795,743,2023-09-12,Febre,Diabetes
106,460,182,2024-03-26,Dor de cabeça,Hipertensão
107,986,178,2024-04-14,Dor de cabeça,Nada constatado
108,42,439,2024-11-04,Check-up,Diabetes
109,134,165,2024-08-04,Check-up,Gripe
110,339,478,2024-01-05,Febre,Gripe
111,158,951,2025-01-19,Check-up,Gripe
112,793,955,2025-02-18,Check-up,Nada constatado
113,809,587,2024-07-27,Check-up,Gripe
114,803,725,2023-10-20,Check-up,Hipertensão
115,980,189,2024-02-25,Dor de cabeça,Hipertensão
116,426,557,2024-07-11,Dor no peito,Gripe
117,358,227,2023-08-22,Febre,Diabetes
118,340,370,2024-09-19,Check-up,Hipertensão
119,974,771,2023-11-21,Dor no peito,Gripe
120,118,685,2024-07-23,Check-up,Nada constatado
121,247,927,2023-11-14,Febre,Gripe
122,699,907,2024-12-02,Check-up,Nada constatado
123,938,816,2024-01-05,Dor de cabeça,Nada constatado
124,263,554,2024-03-28,Check-up,Gripe
125,934,530,2024-10-07,Check-up,Nada constatado
126,499,45,2023-08-17,Check-up,Hipertensão
127,329,527,2024-11-01,Dor de cabeça,Gripe
128,172,995,2025-03-16,Dor de cabeça,Gripe
129,216,687,2024-05-14,Febre,Nada constatado
130,856,107,2023-09-10,Febre,Nada constatado
131,663,837,2025-07-20,Dor de cabeça,Hipertensão
132,25,471,2025-04-12,Check-up,Gripe
133,90,76,2024-04-29,Dor de cabeça,Hipertensão
134,814,258,2025-03-28,Dor de cabeça,Hipertensão
135,933,265,2024-06-22,Dor no peito,Nada constatado
136,462,646,2024-07-25,Dor no peito,Nada constatado
137,324,18,2024-01-05,Dor no peito,Gripe
138,548,7,2023-09-04,Dor de cabeça,Gripe
139,718,869,2024-01-04,Dor de cabeça,Diabetes
140,951,515,2025-05-28,Dor de cabeça,Diabetes
141,806,703,2023-08-10,Check-up,Gripe
142,289,784,2025-03-04,Dor no peito,Nada constatado
143,405,842,2025-01-05,Dor de cabeça,Nada constatado
144,161,547,2024-06-16,Febre,Hipertensão
145,765,401,2024-02-18,Check-up,Hipertensão
146,306,694,2024-02-04,Check-up,Gripe
147,567,896,2024-11-28,Febre,Gripe
148,43,6,2023-12-07,Dor no peito,Gripe
149,313,216,2023-09-26,Check-up,Hipertensão
150,423,928,2023-11-11,Febre,Hipertensão
151,189,227,2023-09-15,Check-up,Hipertensão
152,118,186,2024-02-21,Dor de cabeça,Nada constatado
153,661,563,2024-06-02,Dor de cabeça,Diabetes
154,688,69,2023-09-25,Check-up,Gripe
155,203,744,2024-03-11,Dor no peito,Diabetes
156,366,132,2025-06-01,Febre,Gripe
157,292,635,2025-01-27,Dor de cabeça,Hipertensão
158,326,498,2024-07-08,Dor no peito,Diabetes
159,632,676,2025-05-30,Check-up,Hipertensão
160,580,581,2024-06-14,Check-up,Diabetes
161,982,439,2024-09-03,Febre,Gripe
162,321,253,2024-01-06,Febre,Nada constatado
163,284,861,2024-12-25,Check-up,Hipertensão
164,696,751,2025-06-16,Check-up,Nada constatado
165,474,457,2024-02-10,Check-up,Diabetes
166,499,565,2023-12-13,Dor de cabeça,Hipertensão
167,662,622,2025-04-29,Dor de cabeça,Diabetes
168,880,847,2023-09-03,Febre,Hipertensão
169,270,752,2023-10-03,Dor de cabeça,Gripe
170,914,20,2025-06-18,Dor de cabeça,Nada constatado
171,788,605,2025-06-23,Febre,Gripe
172,565,267,2024-06-20,Dor no peito,Hipertensão
173,375,402,2024-04-14,Febre,Diabetes
174,138,476,2025-02-28,Dor de cabeça,Nada constatado
175,373,515,2024-03-10,Dor de cabeça,Hipertensão
176,869,988,2023-11-28,Febre,Hipertensão
177,457,164,2023-12-25,Febre,Hipertensão
178,754,750,2024-04-20,Dor no peito,Diabetes
179,42,225,2024-06-13,Dor no peito,Hipertensão
180,65,271,2024-08-01,Check-up,Hipertensão
181,44,685,2024-07-27,Febre,Diabetes
182,398,481,2024-09-11,Dor no peito,Gripe
183,41,665,2025-01-09,Check-up,Gripe
184,721,992,2025-03-23,Check-up,Diabetes
185,593,558,2023-11-25,Febre,Nada constatado
186,670,388,2025-01-15,Check-up,Gripe
187,530,258,2024-06-27,Dor no peito,Hipertensão
188,529,416,2024-04-24,Check-up,Diabetes
189,499,812,2025-07-01,Dor no peito,Gripe
190,514,904,2025-01-12,Febre,Nada constatado
191,170,236,2024-10-08,Dor de cabeça,Diabetes
192,217,154,2024-05-21,Febre,Hipertensão
193,371,617,2025-04-23,Dor de cabeça,Hipertensão
194,425,831,2023-07-31,Check-up,Gripe
195,494,692,2024-10-01,Dor no peito,Nada constatado
196,216,605,2025-03-23,Febre,Nada constatado
197,23,250,2025-06-17,Dor de cabeça,Hipertensão
198,588,607,2024-10-29,Febre,Hipertensão
199,645,525,2023-12-25,Dor de cabeça,Hipertensão
200,58,171,2023-09-22,Check-up,Hipertensão
201,530,982,2025-02-04,Dor no peito,Gripe
202,900,737,2024-12-23,Check-up,Gripe
203,222,460,2024-10-15,Dor no peito,Nada constatado
204,175,225,2024-11-13,Dor no peito,Hipertensão
205,814,597,2023-11-13,Febre,Diabetes
206,172,742,2024-03-31,Check-up,Nada constatado
207,611,605,2024-12-20,Dor de cabeça,Hipertensão
208,388,395,2025-04-23,Febre,Gripe
209,17,208,2025-07-22,Dor no peito,Hipertensão
210,621,99,2025-02-13,Febre,Nada constatado
211,924,630,2025-02-19,Dor de cabeça,Gripe
212,96,494,2025-04-24,Febre,Gripe
213,919,961,2025-02-15,Dor no peito,Nada constatado
214,380,896,2025-02-12,Dor de cabeça,Nada constatado
215,235,961,2024-03-25,Dor no peito,Nada constatado
216,359,604,2023-08-04,Dor de cabeça,Nada constatado
217,138,261,2023-11-17,Dor no peito,Hipertensão
218,932,880,2025-06-19,Dor de cabeça,Diabetes
219,613,898,2024-07-14,Dor no peito,Diabetes
220,194,6,2025-07-18,Dor de cabeça,Gripe
221,533,8,2023-11-15,Dor no peito,Hipertensão
222,705,824,2024-08-14,Check-up,Nada constatado
223,371,110,2025-05-25,Febre,Nada constatado
224,668,600,2024-03-25,Check-up,Diabetes
225,876,549,2023-10-20,Dor no peito,Diabetes
226,627,283,2025-03-30,Dor no peito,Hipertensão
227,424,566,2024-12-28,Dor no peito,Hipertensão
228,380,573,2024-06-03,Dor no peito,Diabetes
229,315,592,2024-02-13,Check-up,Nada constatado
230,754,142,2024-08-31,Dor de cabeça,Hipertensão
231,458,802,2025-02-04,Febre,Gripe
232,220,521,2023-07-26,Dor no peito,Diabetes
233,821,564,2024-07-07,Dor de cabeça,Hipertensão
234,399,988,2025-04-30,Dor de cabeça,Gripe
235,844,149,2025-05-19,Dor no peito,Nada constatado
236,91,66,2023-10-29,Check-up,Hipertensão
237,380,82,2024-11-27,Dor de cabeça,Nada constatado
238,954,411,2024-07-07,Check-up,Gripe
239,969,793,2024-12-01,Febre,Nada constatado
240,450,11,2024-10-15,Febre,Diabetes
241,200,35,2023-10-07,Febre,Hipertensão
242,691,37,2023-08-21,Check-up,Hipertensão
243,671,1,2024-01-09,Febre,Gripe
244,283,799,2025-02-22,Dor no peito,Diabetes
245,686,405,2023-12-16,Dor no peito,Hipertensão
246,531,16,2024-06-14,Dor de cabeça,Gripe
247,563,292,2025-01-14,Check-up,Diabetes
248,987,836,2024-09-20,Check-up,Hipertensão
249,621,987,2025-03-16,Febre,Nada constatado
250,953,414,2023-11-30,Dor de cabeça,Diabetes
251,180,417,2024-11-01,Dor de cabeça,Gripe
252,516,302,2024-05-12,Check-up,Gripe
253,823,526,2024-01-07,Check-up,Diabetes
254,711,454,2024-04-19,Dor no peito,Nada constatado
255,789,250,2024-01-02,Check-up,Nada constatado
256,698,472,2023-12-19,Dor de cabeça,Nada constatado
257,120,265,2025-01-01,Dor de cabeça,Nada constatado
258,649,808,2024-10-14,Febre,Hipertensão
259,820,324,2023-08-04,Dor no peito,Diabetes
260,529,549,2024-05-06,Dor de cabeça,Diabetes
261,255,295,2025-04-16,Dor de cabeça,Nada constatado
262,690,767,2024-05-01,Check-up,Gripe
263,568,954,2023-08-05,Febre,Nada constatado
264,322,363,2024-03-14,Febre,Diabetes
265,188,970,2025-06-19,Febre,Nada constatado
266,755,205,2024-03-18,Febre,Hipertensão
267,894,272,2024-08-16,Febre,Hipertensão
268,208,855,2025-04-20,Febre,Diabetes
269,160,798,2025-05-28,Dor de cabeça,Gripe
270,943,81,2023-10-28,Dor no peito,Gripe
271,783,878,2025-01-17,Dor de cabeça,Nada constatado
272,381,636,2024-08-14,Check-up,Nada constatado
273,920,903,2024-12-09,Check-up,Nada constatado
274,188,783,2024-07-12,Check-up,Nada constatado
275,228,769,2024-06-09,Febre,Gripe
276,539,819,2024-06-06,Dor no peito,Nada constatado
277,963,554,2024-04-22,Dor de cabeça,Diabetes
278,404,882,2024-04-22,Febre,Nada constatado
279,1000,124,2025-04-27,Dor no peito,Diabetes
280,706,9,2024-09-17,Dor de cabeça,Hipertensão
281,389,595,2024-06-18,Dor de cabeça,Diabetes
282,371,628,2024-09-02,Check-up,Hipertensão
283,562,270,2025-03-09,Febre,Diabetes
284,483,982,2024-04-09,Check-up,Diabetes
285,189,511,2023-10-20,Dor no peito,Hipertensão
286,430,718,2025-07-12,Check-up,Diabetes
287,875,411,2023-12-07,Check-up,Nada constatado
288,185,586,2024-07-14,Febre,Hipertensão
289,834,103,2024-06-20,Check-up,Hipertensão
290,569,443,2024-05-08,Dor no peito,Hipertensão
291,150,820,2023-12-08,Febre,Nada constatado
292,826,10,2024-09-25,Febre,Nada constatado
293,512,138,2024-10-28,Check-up,Nada constatado
294,308,257,2023-11-27,Dor de cabeça,Nada constatado
295,102,708,2024-09-17,Febre,Gripe
296,221,834,2024-06-26,Check-up,Nada constatado
297,860,645,2024-05-15,Dor de cabeça,Nada constatado
298,763,343,2024-03-01,Check-up,Diabetes
299,369,574,2025-05-10,Check-up,Diabetes
300,21,422,2024-12-17,Dor de cabeça,Diabetes
301,889,696,2025-01-08,Febre,Hipertensão
302,800,292,2025-01-02,Check-up,Diabetes
303,690,523,2024-06-27,Dor no peito,Nada constatado
304,911,81,2024-11-27,Dor no peito,Diabetes
305,475,647,2024-02-29,Febre,Hipertensão
306,656,828,2025-01-19,Check-up,Nada constatado
307,647,628,2024-11-16,Dor no peito,Gripe
308,82,166,2025-07-21,Check-up,Hipertensão
309,322,325,2025-07-11,Check-up,Diabetes
310,620,661,2025-06-26,Dor no peito,Diabetes
311,909,456,2025-05-19,Check-up,Nada constatado
312,424,172,2023-10-09,Febre,Gripe
313,129,746,2023-09-30,Febre,Diabetes
314,964,762,2025-04-09,Dor de cabeça,Hipertensão
315,171,407,2025-05-04,Dor de cabeça,Gripe
316,66,960,2023-10-12,Dor no peito,Gripe
317,27,790,2023-10-01,Dor no peito,Gripe
318,107,269,2024-12-09,Febre,Gripe
319,671,954,2023-08-05,Dor no peito,Diabetes
320,235,254,2024-11-13,Check-up,Nada constatado
321,642,130,2025-07-17,Febre,Hipertensão
322,30,36,2024-06-07,Check-up,Diabetes
323,885,488,2023-10-12,Dor no peito,Diabetes
324,562,456,2024-08-12,Febre,Hipertensão
325,606,612,2025-02-25,Dor no peito,Nada constatado
326,537,656,2025-02-26,Check-up,Diabetes
327,494,553,2024-11-19,Febre,Gripe
328,453,316,2025-07-13,Check-up,Nada constatado
329,267,160,2024-09-19,Check-up,Gripe
330,1,536,2023-10-09,Febre,Diabetes
331,294,481,2024-11-27,Dor de cabeça,Nada constatado
332,970,774,2024-07-02,Dor no peito,Diabetes
333,10,785,2024-08-17,Dor no peito,Diabetes
334,612,237,2024-10-17,Dor de cabeça,Diabetes
335,194,422,2025-04-09,Dor no peito,Nada constatado
336,256,168,2023-08-18,Dor no peito,Nada constatado
337,226,270,2024-12-23,Dor de cabeça,Nada constatado
338,641,246,2024-03-05,Check-up,Diabetes
339,665,761,2025-05-15,Check-up,Nada constatado
340,193,874,2024-06-14,Dor de cabeça,Hipertensão
341,140,297,2024-01-04,Dor de cabeça,Nada constatado
342,633,464,2024-01-13,Check-up,Nada constatado
343,193,329,2025-03-18,Dor de cabeça,Hipertensão
344,51,993,2024-07-11,Dor de cabeça,Hipertensão
345,996,105,2024-09-24,Check-up,Diabetes
346,129,733,2024-05-14,Dor no peito,Gripe
347,239,93,2023-10-20,Febre,Gripe
348,506,223,2023-12-22,Check-up,Nada constatado
349,320,805,2025-05-19,Dor no peito,Diabetes
350,475,714,2024-07-22,Dor de cabeça,Diabetes
351,83,864,2023-10-28,Febre,Gripe
352,273,795,2024-04-21,Dor no peito,Gripe
353,557,482,2025-03-31,Febre,Hipertensão
354,918,862,2025-07-02,Check-up,Nada constatado
355,849,13,2024-07-18,Dor de cabeça,Hipertensão
356,395,790,2024-06-08,Dor no peito,Hipertensão
357,756,35,2025-06-28,Febre,Nada constatado
358,753,790,2025-04-21,Dor de cabeça,Hipertensão
359,485,399,2024-12-05,Check-up,Diabetes
360,163,645,2025-01-20,Dor de cabeça,Gripe
361,260,493,2025-03-24,Check-up,Hipertensão
362,370,909,2025-02-18,Dor de cabeça,Hipertensão
363,997,116,2024-05-26,Febre,Nada constatado
364,333,16,2023-07-29,Febre,Diabetes
365,599,123,2025-07-22,Dor no peito,Hipertensão
366,10,993,2024-05-09,Dor de cabeça,Nada constatado
367,705,611,2025-03-22,Febre,Diabetes
368,790,92,2024-01-13,Febre,Hipertensão
369,512,94,2024-08-21,Check-up,Gripe
370,62,365,2024-02-29,Febre,Gripe
371,129,500,2024-02-16,Febre,Diabetes
372,572,808,2025-06-06,Check-up,Nada constatado
373,751,198,2024-12-16,Dor de cabeça,Nada constatado
374,367,742,2024-02-14,Febre,Diabetes
375,921,41,2024-03-18,Dor no peito,Nada constatado
376,573,302,2025-05-05,Dor no peito,Hipertensão
377,581,192,2025-06-24,Check-up,Diabetes
378,750,480,2025-04-01,Check-up,Hipertensão
379,71,544,2025-06-29,Febre,Nada constatado
380,303,840,2024-06-10,Check-up,Diabetes
381,465,1,2024-12-27,Dor no peito,Hipertensão
382,905,20,2024-01-27,Check-up,Hipertensão
383,329,739,2023-07-27,Dor de cabeça,Nada constatado
384,195,537,2025-06-22,Dor no peito,Hipertensão
385,628,290,2025-06-29,Check-up,Nada constatado
386,657,330,2024-06-09,Dor de cabeça,Gripe
387,536,675,2023-08-18,Dor de cabeça,Gripe
388,856,961,2023-08-05,Febre,Hipertensão
389,895,33,2023-08-13,Febre,Gripe
390,498,197,2023-11-20,Dor de cabeça,Gripe
391,585,658,2025-03-29,Dor no peito,Nada constatado
392,539,639,2024-05-09,Check-up,Gripe
393,376,227,2025-05-07,Dor de cabeça,Gripe
394,953,944,2025-04-18,Febre,Nada constatado
395,951,912,2024-08-30,Dor de cabeça,Nada constatado
396,821,655,2025-04-20,Dor de cabeça,Diabetes
397,572,762,2025-02-18,Dor no peito,Diabetes
398,814,726,2024-10-31,Dor de cabeça,Diabetes
399,542,42,2024-03-26,Dor de cabeça,Diabetes
400,80,968,2024-04-09,Febre,Gripe
401,104,743,2023-12-03,Febre,Nada constatado
402,195,198,2024-10-10,Febre,Hipertensão
403,572,768,2024-06-22,Dor no peito,Gripe
404,785,654,2024-01-27,Check-up,Nada constatado
405,720,682,2024-09-27,Dor no peito,Gripe
406,171,812,2024-05-22,Febre,Nada constatado
407,517,346,2023-12-20,Febre,Nada constatado
408,956,361,2024-11-13,Check-up,Diabetes
409,866,381,2024-12-05,Dor no peito,Nada constatado
410,846,744,2024-05-24,Check-up,Hipertensão
411,577,559,2025-04-27,Febre,Nada constatado
412,785,564,2023-09-02,Check-up,Diabetes
413,985,464,2025-04-06,Dor no peito,Nada constatado
414,1,744,2025-07-16,Dor de cabeça,Diabetes
415,611,17,2024-10-14,Febre,Diabetes
416,7,308,2024-06-21,Febre,Hipertensão
417,877,323,2023-11-01,Dor de cabeça,Diabetes
418,942,567,2025-07-22,Febre,Gripe
419,39,472,2024-11-29,Check-up,Hipertensão
420,142,272,2024-05-22,Check-up,Hipertensão
421,239,263,2025-02-08,Check-up,Gripe
422,585,410,2023-12-05,Febre,Gripe
423,741,333,2024-06-01,Dor no peito,Hipertensão
424,500,846,2025-06-25,Dor de cabeça,Diabetes
425,39,749,2024-03-27,Dor no peito,Gripe
426,799,58,2024-08-28,Check-up,Diabetes
427,901,837,2023-11-24,Dor no peito,Nada constatado
428,953,889,2024-06-27,Dor de cabeça,Hipertensão
429,766,669,2024-01-19,Dor de cabeça,Nada constatado
430,56,313,2023-10-09,Dor de cabeça,Diabetes
431,553,579,2025-01-25,Febre,Diabetes
432,515,715,2025-04-06,Febre,Hipertensão
433,52,690,2023-10-30,Dor no peito,Nada constatado
434,771,610,2024-08-18,Dor de cabeça,Hipertensão
435,443,297,2023-10-23,Dor no peito,Hipertensão
436,136,345,2024-11-25,Dor de cabeça,Nada constatado
437,586,764,2024-10-14,Dor de cabeça,Nada constatado
438,269,88,2025-03-24,Dor no peito,Nada constatado
439,793,715,2024-05-23,Febre,Hipertensão
440,493,573,2025-05-08,Febre,Nada constatado
441,405,668,2025-03-06,Febre,Hipertensão
442,249,74,2024-11-22,Check-up,Nada constatado
443,332,702,2025-07-04,Dor de cabeça,Gripe
444,688,424,2024-02-11,Dor no peito,Diabetes
445,357,196,2025-05-04,Check-up,Diabetes
446,609,672,2024-09-25,Dor de cabeça,Diabetes
447,174,359,2023-11-24,Dor no peito,Hipertensão
448,452,46,2024-03-30,Febre,Hipertensão
449,702,383,2023-12-29,Febre,Gripe
450,116,758,2023-10-04,Dor de cabeça,Hipertensão
451,972,636,2023-10-04,Febre,Diabetes
452,15,352,2023-08-12,Dor de cabeça,Diabetes
453,461,483,2024-06-27,Dor de cabeça,Diabetes
454,215,758,2023-08-01,Febre,Hipertensão
455,560,536,2024-11-23,Check-up,Nada constatado
456,638,748,2025-03-13,Febre,Gripe
457,386,597,2024-10-26,Dor de cabeça,Diabetes
458,175,62,2023-11-19,Check-up,Hipertensão
459,809,714,2023-08-14,Check-up,Gripe
460,477,671,2024-11-15,Dor de cabeça,Gripe
461,398,677,2025-01-23,Check-up,Diabetes
462,886,111,2024-09-18,Dor de cabeça,Diabetes
463,889,905,2025-07-08,Dor no peito,Hipertensão
464,390,521,2023-09-23,Dor de cabeça,Diabetes
465,497,888,2024-10-10,Dor de cabeça,Hipertensão
466,204,513,2024-05-16,Dor no peito,Gripe
467,41,254,2023-08-12,Check-up,Diabetes
468,502,403,2025-02-19,Febre,Gripe
469,356,701,2025-02-13,Check-up,Diabetes
470,641,310,2023-11-02,Febre,Diabetes
471,832,64,2024-07-10,Check-up,Nada constatado
472,912,835,2024-11-27,Dor de cabeça,Diabetes
473,231,156,2024-11-25,Check-up,Nada constatado
474,673,141,2025-03-18,Dor de cabeça,Nada constatado
475,534,984,2024-04-27,Febre,Nada constatado
476,247,587,2023-12-15,Febre,Nada constatado
477,994,320,2024-01-26,Check-up,Nada constatado
478,556,135,2024-12-11,Febre,Hipertensão
479,595,555,2025-06-20,Febre,Hipertensão
480,317,706,2024-01-12,Febre,Nada constatado
481,931,1000,2024-03-10,Febre,Hipertensão
482,326,70,2023-12-21,Dor de cabeça,Hipertensão
483,326,860,2024-09-11,Febre,Gripe
484,784,327,2025-05-06,Dor no peito,Nada constatado
485,311,454,2024-01-30,Check-up,Hipertensão
486,798,193,2025-02-07,Dor de cabeça,Hipertensão
487,190,27,2025-03-20,Check-up,Hipertensão
488,611,238,2025-04-10,Febre,Gripe
489,368,82,2025-03-25,Dor no peito,Hipertensão
490,515,867,2024-05-12,Dor no peito,Diabetes
491,189,873,2025-03-13,Dor no peito,Nada constatado
492,486,141,2024-02-11,Febre,Hipertensão
493,232,34,2024-12-17,Dor no peito,Gripe
494,948,277,2023-09-02,Dor no peito,Hipertensão
495,761,688,2024-02-22,Febre,Hipertensão
496,68,182,2023-09-26,Dor no peito,Nada constatado
497,705,333,2025-07-19,Dor no peito,Hipertensão
498,438,415,2023-11-12,Dor de cabeça,Nada constatado
499,738,321,2024-11-22,Dor no peito,Gripe
500,534,112,2023-08-10,Dor no peito,Nada constatado
501,847,899,2024-11-30,Dor de cabeça,Hipertensão
502,532,551,2024-10-15,Dor no peito,Gripe
503,572,397,2025-05-27,Dor de cabeça,Hipertensão
504,299,451,2023-10-12,Dor no peito,Diabetes
505,793,848,2023-10-18,Check-up,Nada constatado
506,171,433,2024-07-14,Check-up,Gripe
507,707,530,2025-07-13,Febre,Nada constatado
508,850,662,2024-10-28,Dor no peito,Gripe
509,740,513,2023-10-27,Dor de cabeça,Hipertensão
510,798,600,2023-10-15,Febre,Nada constatado
511,424,332,2023-11-11,Dor no peito,Gripe
512,184,465,2024-02-28,Febre,Nada constatado
513,93,257,2024-02-12,Check-up,Hipertensão
514,736,751,2025-06-17,Dor de cabeça,Gripe
515,117,724,2023-12-11,Dor no peito,Diabetes
516,88,537,2023-10-04,Dor no peito,Hipertensão
517,388,564,2023-09-22,Dor no peito,Gripe
518,787,175,2024-08-10,Check-up,Hipertensão
519,167,890,2025-05-10,Febre,Hipertensão
520,788,730,2024-04-29,Dor de cabeça,Nada constatado
521,316,317,2025-07-01,Dor no peito,Diabetes
522,642,186,2025-05-05,Dor de cabeça,Hipertensão
523,984,208,2024-01-01,Dor de cabeça,Diabetes
524,13,470,2024-05-22,Dor no peito,Nada constatado
525,557,827,2023-10-10,Dor de cabeça,Nada constatado
526,244,223,2024-08-08,Dor no peito,Nada constatado
527,420,453,2025-04-01,Dor de cabeça,Gripe
528,251,904,2023-08-10,Check-up,Hipertensão
529,51,190,2024-06-09,Febre,Gripe
530,669,358,2023-09-19,Dor de cabeça,Hipertensão
531,875,34,2024-08-04,Check-up,Diabetes
532,943,90,2024-11-20,Dor de cabeça,Gripe
533,427,183,2023-09-21,Febre,Diabetes
534,626,677,2024-01-03,Febre,Nada constatado
535,768,593,2025-01-07,Check-up,Gripe
536,96,787,2024-06-14,Check-up,Diabetes
537,378,920,2024-05-10,Dor no peito,Gripe
538,777,438,2025-06-14,Dor de cabeça,Diabetes
539,483,138,2024-03-23,Dor de cabeça,Diabetes
540,338,540,2024-11-27,Dor no peito,Hipertensão
541,713,215,2025-06-28,Dor de cabeça,Gripe
542,586,748,2024-07-08,Dor de cabeça,Nada constatado
543,742,706,2025-04-12,Check-up,Nada constatado
544,624,869,2023-11-26,Check-up,Diabetes
545,539,589,2023-12-10,Check-up,Hipertensão
546,630,577,2024-03-12,Dor no peito,Nada constatado
547,505,828,2023-07-31,Febre,Hipertensão
548,726,298,2025-06-24,Febre,Gripe
549,122,25,2023-12-09,Dor no peito,Gripe
550,756,869,2024-12-17,Febre,Nada constatado
551,424,47,2024-10-06,Check-up,Diabetes
552,574,826,2024-11-25,Febre,Gripe
553,656,207,2024-11-06,Check-up,Diabetes
554,810,70,2025-05-17,Check-up,Diabetes
555,519,564,2023-08-17,Check-up,Gripe
556,117,703,2023-10-23,Check-up,Diabetes
557,406,742,2024-04-15,Dor de cabeça,Hipertensão
558,199,339,2024-04-18,Check-up,Nada constatado
559,939,486,2024-08-02,Dor de cabeça,Hipertensão
560,494,160,2024-11-11,Dor no peito,Diabetes
561,474,803,2024-11-01,Dor no peito,Gripe
562,856,534,2024-09-20,Check-up,Diabetes
563,569,549,2023-07-27,Dor de cabeça,Hipertensão
564,592,702,2023-11-24,Check-up,Diabetes
565,68,993,2024-09-01,Febre,Diabetes
566,861,32,2025-02-19,Check-up,Nada constatado
567,642,548,2024-02-06,Febre,Nada constatado
568,192,610,2025-07-12,Dor de cabeça,Diabetes
569,723,879,2023-10-26,Check-up,Gripe
570,279,424,2023-12-20,Dor de cabeça,Nada constatado
571,899,244,2024-11-05,Check-up,Nada constatado
572,850,974,2023-08-15,Check-up,Hipertensão
573,538,310,2024-09-12,Febre,Gripe
574,384,804,2023-08-10,Dor de cabeça,Hipertensão
575,936,95,2024-08-29,Dor no peito,Gripe
576,819,495,2024-08-24,Febre,Hipertensão
577,349,946,2025-03-06,Dor no peito,Diabetes
578,795,336,2023-11-19,Febre,Gripe
579,842,961,2024-01-08,Febre,Hipertensão
580,742,38,2025-05-27,Dor no peito,Nada constatado
581,731,886,2024-05-02,Dor de cabeça,Gripe
582,319,955,2023-10-21,Dor de cabeça,Gripe
583,342,479,2025-06-20,Dor de cabeça,Gripe
584,534,785,2024-01-08,Check-up,Gripe
585,592,777,2023-08-15,Check-up,Hipertensão
586,329,206,2024-04-03,Febre,Diabetes
587,284,546,2023-11-08,Check-up,Nada constatado
588,688,121,2024-01-10,Check-up,Hipertensão
589,162,281,2023-09-26,Dor de cabeça,Gripe
590,982,638,2025-02-08,Dor de cabeça,Hipertensão
591,556,359,2025-01-11,Check-up,Diabetes
592,145,966,2025-07-23,Check-up,Hipertensão
593,176,73,2023-10-30,Check-up,Diabetes
594,554,455,2024-02-16,Dor de cabeça,Hipertensão
595,30,483,2024-02-21,Dor de cabeça,Gripe
596,393,56,2024-08-01,Dor de cabeça,Nada constatado
597,402,184,2023-12-25,Dor no peito,Diabetes
598,320,341,2023-10-03,Febre,Gripe
599,998,945,2024-04-19,Dor no peito,Hipertensão
600,96,833,2025-01-23,Dor no peito,Gripe
601,467,318,2024-09-24,Dor no peito,Nada constatado
602,238,971,2024-12-11,Febre,Hipertensão
603,882,918,2024-03-08,Check-up,Diabetes
604,402,188,2024-07-20,Check-up,Diabetes
605,465,500,2025-02-21,Dor de cabeça,Gripe
606,487,116,2025-04-12,Check-up,Nada constatado
607,473,867,2024-08-12,Febre,Diabetes
608,787,357,2024-06-26,Febre,Gripe
609,416,838,2024-08-25,Dor de cabeça,Diabetes
610,570,666,2024-05-29,Dor de cabeça,Diabetes
611,546,473,2025-07-09,Dor no peito,Nada constatado
612,245,636,2023-12-20,Febre,Hipertensão
613,998,494,2024-02-03,Dor no peito,Gripe
614,349,214,2023-12-05,Dor no peito,Nada constatado
615,581,807,2023-12-24,Check-up,Hipertensão
616,178,679,2025-01-07,Dor de cabeça,Nada constatado
617,118,607,2025-05-11,Dor no peito,Diabetes
618,569,100,2025-06-12,Dor no peito,Hipertensão
619,316,979,2025-01-31,Dor no peito,Gripe
620,613,112,2024-02-27,Dor no peito,Diabetes
621,507,661,2024-05-24,Dor de cabeça,Gripe
622,223,837,2023-10-11,Febre,Gripe
623,776,151,2024-10-19,Febre,Nada constatado
624,545,299,2025-03-31,Dor no peito,Nada constatado
625,201,211,2025-03-10,Check-up,Diabetes
626,584,814,2024-10-22,Check-up,Nada constatado
627,736,938,2024-03-22,Check-up,Gripe
628,597,9,2023-11-29,Dor no peito,Hipertensão
629,873,302,2025-03-31,Dor de cabeça,Diabetes
630,923,563,2023-12-30,Dor de cabeça,Gripe
631,721,574,2025-02-03,Check-up,Gripe
632,882,289,2024-08-05,Dor de cabeça,Hipertensão
633,443,720,2024-06-24,Dor no peito,Diabetes
634,729,392,2025-06-08,Dor no peito,Nada constatado
635,446,559,2024-07-04,Febre,Hipertensão
636,487,143,2024-06-17,Febre,Nada constatado
637,864,947,2024-10-29,Check-up,Nada constatado
638,158,296,2025-02-23,Febre,Hipertensão
639,12,74,2024-02-20,Dor de cabeça,Hipertensão
640,739,907,2025-04-17,Dor no peito,Nada constatado
641,999,140,2024-03-27,Dor de cabeça,Hipertensão
642,658,826,2024-11-18,Dor no peito,Nada constatado
643,916,808,2023-10-15,Dor no peito,Hipertensão
644,466,522,2024-11-06,Dor no peito,Nada constatado
645,394,364,2024-05-16,Febre,Hipertensão
646,435,620,2024-06-21,Dor de cabeça,Nada constatado
647,868,749,2023-12-26,Febre,Diabetes
648,421,949,2024-10-06,Check-up,Gripe
649,39,582,2024-04-23,Dor no peito,Diabetes
650,116,595,2024-05-09,Dor no peito,Gripe
651,146,748,2025-06-20,Check-up,Nada constatado
652,530,81,2024-11-26,Dor de cabeça,Hipertensão
653,484,646,2025-04-20,Dor de cabeça,Diabetes
654,628,55,2023-09-11,Check-up,Gripe
655,481,465,2024-07-07,Dor no peito,Diabetes
656,432,362,2023-11-30,Check-up,Diabetes
657,172,37,2025-06-13,Check-up,Diabetes
658,63,645,2023-08-19,Dor no peito,Hipertensão
659,587,53,2024-08-24,Check-up,Gripe
660,294,497,2024-02-05,Dor de cabeça,Hipertensão
661,518,79,2024-10-21,Check-up,Diabetes
662,136,631,2024-06-06,Check-up,Diabetes
663,879,264,2024-03-07,Dor de cabeça,Gripe
664,619,179,2024-11-04,Febre,Nada constatado
665,379,828,2025-04-26,Febre,Diabetes
666,802,718,2025-06-04,Febre,Nada constatado
667,186,819,2024-12-06,Dor de cabeça,Diabetes
668,87,991,2024-09-08,Febre,Hipertensão
669,858,508,2024-04-22,Dor no peito,Nada constatado
670,244,677,2024-05-28,Dor no peito,Hipertensão
671,216,592,2023-08-16,Check-up,Gripe
672,658,271,2023-10-21,Dor de cabeça,Gripe
673,172,476,2023-12-10,Dor no peito,Nada constatado
674,309,488,2025-04-12,Febre,Nada constatado
675,700,723,2024-03-30,Dor no peito,Nada constatado
676,269,149,2024-06-21,Dor no peito,Gripe
677,296,950,2025-03-29,Dor no peito,Nada constatado
678,695,324,2023-12-15,Dor de cabeça,Gripe
679,940,545,2024-04-26,Check-up,Nada constatado
680,626,941,2024-01-30,Check-up,Diabetes
681,277,274,2023-09-18,Dor de cabeça,Diabetes
682,671,599,2024-01-07,Dor no peito,Nada constatado
683,792,692,2024-12-15,Febre,Hipertensão
684,533,346,2024-05-07,Febre,Diabetes
685,561,11,2024-05-07,Dor de cabeça,Gripe
686,13,422,2023-11-13,Dor de cabeça,Gripe
687,702,457,2025-03-20,Check-up,Hipertensão
688,743,291,2024-03-24,Check-up,Hipertensão
689,35,25,2023-10-26,Dor de cabeça,Gripe
690,962,609,2023-07-31,Febre,Gripe
691,726,981,2024-03-27,Dor de cabeça,Gripe
692,877,620,2025-01-08,Febre,Nada constatado
693,673,783,2023-08-01,Febre,Gripe
694,713,189,2025-01-30,Check-up,Diabetes
695,479,677,2024-04-04,Dor de cabeça,Nada constatado
696,945,284,2024-01-06,Dor no peito,Diabetes
697,264,166,2024-07-19,Dor de cabeça,Diabetes
698,796,64,2024-10-06,Dor no peito,Nada constatado
699,341,62,2025-04-01,Check-up,Diabetes
700,183,452,2024-03-29,Dor de cabeça,Nada constatado
701,951,206,2025-06-21,Dor no peito,Hipertensão
702,661,504,2024-01-20,Dor de cabeça,Hipertensão
703,554,788,2024-10-02,Dor no peito,Hipertensão
704,629,659,2023-09-13,Dor de cabeça,Nada constatado
705,733,266,2024-05-18,Dor de cabeça,Gripe
706,75,73,2024-02-29,Check-up,Nada constatado
707,20,919,2024-11-02,Dor no peito,Hipertensão
708,669,656,2024-01-04,Dor de cabeça,Gripe
709,681,400,2024-09-05,Check-up,Hipertensão
710,717,338,2024-01-08,Dor no peito,Gripe
711,528,725,2023-10-11,Dor no peito,Nada constatado
712,447,414,2024-10-01,Dor de cabeça,Hipertensão
713,4,394,2024-02-24,Dor no peito,Gripe
714,581,549,2025-01-30,Check-up,Diabetes
715,699,311,2024-11-07,Dor no peito,Gripe
716,648,982,2025-06-09,Dor de cabeça,Diabetes
717,548,874,2025-04-11,Check-up,Gripe
718,862,471,2025-05-21,Check-up,Hipertensão
719,181,568,2024-12-26,Dor de cabeça,Nada constatado
720,677,196,2023-09-20,Check-up,Nada constatado
721,918,110,2024-10-11,Check-up,Nada constatado
722,87,907,2025-06-16,Dor no peito,Hipertensão
723,144,37,2024-12-06,Febre,Gripe
724,738,608,2024-06-15,Febre,Nada constatado
725,399,65,2025-01-03,Check-up,Nada constatado
726,547,989,2025-03-02,Dor no peito,Gripe
727,38,348,2024-06-26,Dor de cabeça,Diabetes
728,807,739,2024-03-26,Dor de cabeça,Nada constatado
729,122,217,2025-04-15,Dor no peito,Hipertensão
730,759,594,2024-03-28,Febre,Gripe
731,38,754,2023-12-24,Febre,Nada constatado
732,670,20,2023-12-24,Dor no peito,Gripe
733,249,719,2023-08-31,Febre,Gripe
734,177,648,2025-04-07,Dor de cabeça,Diabetes
735,841,813,2024-08-10,Dor de cabeça,Nada constatado
736,626,175,2024-08-14,Dor de cabeça,Gripe
737,117,510,2023-08-29,Febre,Gripe
738,824,208,2024-02-22,Dor no peito,Diabetes
739,831,856,2024-06-15,Dor no peito,Diabetes
740,124,1000,2023-10-24,Febre,Diabetes
741,857,988,2023-10-28,Febre,Gripe
742,608,178,2024-07-09,Check-up,Gripe
743,124,281,2023-12-03,Febre,Nada constatado
744,173,714,2024-11-02,Check-up,Hipertensão
745,450,250,2024-04-02,Dor de cabeça,Hipertensão
746,103,811,2024-10-25,Dor no peito,Hipertensão
747,17,901,2024-05-16,Dor no peito,Gripe
748,7,8,2024-01-23,Febre,Gripe
749,724,668,2024-10-13,Check-up,Nada constatado
750,711,827,2023-08-09,Dor no peito,Hipertensão
751,212,147,2024-03-01,Check-up,Nada constatado
752,422,245,2023-08-06,Febre,Gripe
753,611,185,2024-12-04,Dor no peito,Gripe
754,643,847,2025-03-23,Check-up,Diabetes
755,429,5,2025-05-18,Febre,Hipertensão
756,121,543,2024-10-13,Dor de cabeça,Diabetes
757,884,780,2023-07-27,Febre,Nada constatado
758,789,642,2025-07-01,Febre,Diabetes
759,55,199,2024-07-16,Dor de cabeça,Hipertensão
760,702,865,2024-02-29,Dor no peito,Nada constatado
761,181,164,2023-11-02,Dor de cabeça,Gripe
762,661,373,2025-05-07,Check-up,Hipertensão
763,446,258,2024-05-31,Check-up,Nada constatado
764,45,107,2023-08-21,Dor de cabeça,Hipertensão
765,162,805,2025-06-18,Dor de cabeça,Nada constatado
766,528,119,2024-09-10,Dor de cabeça,Hipertensão
767,739,456,2025-07-06,Check-up,Nada constatado
768,204,766,2024-09-05,Check-up,Hipertensão
769,798,113,2023-08-23,Check-up,Hipertensão
770,101,243,2024-04-11,Dor no peito,Hipertensão
771,385,913,2024-12-05,Febre,Gripe
772,483,600,2023-08-05,Dor no peito,Gripe
773,912,447,2023-09-15,Febre,Hipertensão
774,951,625,2024-07-22,Dor no peito,Hipertensão
775,397,383,2023-10-05,Febre,Nada constatado
776,738,199,2025-04-28,Check-up,Diabetes
777,208,344,2025-04-07,Febre,Gripe
778,709,583,2024-06-10,Dor de cabeça,Diabetes
779,140,114,2025-02-04,Dor no peito,Nada constatado
780,429,176,2024-03-13,Check-up,Hipertensão
781,908,303,2024-02-22,Febre,Hipertensão
782,592,994,2024-03-26,Febre,Gripe
783,422,878,2025-02-28,Dor no peito,Hipertensão
784,606,485,2024-04-17,Dor no peito,Diabetes
785,15,748,2024-05-29,Dor no peito,Hipertensão
786,254,336,2023-09-23,Dor no peito,Hipertensão
787,914,950,2024-09-28,Febre,Gripe
788,428,46,2025-03-16,Dor de cabeça,Nada constatado
789,752,788,2024-03-23,Dor de cabeça,Nada constatado
790,544,404,2024-08-10,Dor no peito,Gripe
791,464,508,2024-11-10,Febre,Gripe
792,572,772,2023-08-29,Dor de cabeça,Nada constatado
793,973,224,2024-05-24,Febre,Diabetes
794,303,245,2024-03-11,Dor de cabeça,Gripe
795,492,686,2025-01-14,Check-up,Hipertensão
796,721,471,2024-07-11,Dor de cabeça,Nada constatado
797,475,791,2024-08-10,Febre,Nada constatado
798,190,809,2025-05-13,Check-up,Nada constatado
799,721,649,2024-12-02,Dor de cabeça,Gripe
800,395,915,2025-06-30,Check-up,Gripe
801,304,437,2023-10-26,Check-up,Hipertensão
802,807,702,2025-05-08,Dor de cabeça,Diabetes
803,754,955,2024-05-09,Dor de cabeça,Diabetes
804,910,53,2025-07-21,Dor de cabeça,Nada constatado
805,375,477,2024-11-14,Dor de cabeça,Diabetes
806,376,180,2023-10-11,Dor de cabeça,Hipertensão
807,142,343,2023-08-15,Febre,Gripe
808,665,490,2024-01-13,Febre,Hipertensão
809,329,362,2023-08-30,Check-up,Nada constatado
810,284,56,2025-04-25,Dor de cabeça,Diabetes
811,354,464,2023-08-01,Dor no peito,Gripe
812,482,727,2023-11-08,Check-up,Nada constatado
813,636,377,2023-10-13,Dor de cabeça,Hipertensão
814,914,906,2024-03-30,Dor no peito,Gripe
815,83,401,2025-05-23,Febre,Diabetes
816,982,980,2025-01-08,Dor de cabeça,Gripe
817,169,283,2025-02-05,Dor de cabeça,Hipertensão
818,509,155,2024-06-26,Febre,Gripe
819,301,427,2024-01-15,Febre,Nada constatado
820,356,431,2023-12-03,Dor no peito,Gripe
821,299,194,2023-09-30,Dor de cabeça,Gripe
822,893,822,2023-12-19,Febre,Diabetes
823,422,593,2025-02-05,Check-up,Diabetes
824,498,608,2025-06-23,Dor no peito,Nada constatado
825,312,581,2025-04-14,Febre,Diabetes
826,176,809,2024-05-05,Check-up,Hipertensão
827,496,381,2025-04-17,Check-up,Gripe
828,152,362,2025-06-24,Check-up,Nada constatado
829,980,171,2024-09-13,Febre,Diabetes
830,187,997,2023-07-27,Febre,Hipertensão
831,166,244,2025-07-18,Dor de cabeça,Gripe
832,325,589,2025-01-08,Febre,Nada constatado
833,267,379,2025-05-28,Febre,Hipertensão
834,576,725,2023-09-02,Dor de cabeça,Diabetes
835,353,152,2024-02-10,Check-up,Nada constatado
836,553,999,2025-06-09,Febre,Diabetes
837,125,943,2025-03-24,Dor de cabeça,Nada constatado
838,954,512,2023-08-26,Febre,Nada constatado
839,951,328,2023-10-18,Febre,Gripe
840,994,757,2023-08-30,Check-up,Diabetes
841,486,918,2024-03-16,Check-up,Hipertensão
842,819,579,2023-09-20,Dor no peito,Diabetes
843,706,116,2024-02-13,Dor no peito,Gripe
844,143,695,2024-04-04,Dor de cabeça,Diabetes
845,26,412,2025-01-08,Febre,Nada constatado
846,366,95,2024-11-10,Check-up,Gripe
847,623,657,2025-03-29,Febre,Hipertensão
848,801,959,2025-04-15,Check-up,Hipertensão
849,24,86,2024-05-13,Dor no peito,Gripe
850,1000,525,2024-02-18,Dor no peito,Hipertensão
851,503,326,2025-01-16,Dor de cabeça,Diabetes
852,408,152,2023-12-03,Dor no peito,Diabetes
853,396,382,2025-07-11,Dor de cabeça,Diabetes
854,354,360,2023-11-08,Check-up,Nada constatado
855,896,575,2024-10-19,Dor de cabeça,Hipertensão
856,746,910,2024-07-15,Dor no peito,Nada constatado
857,823,454,2023-10-25,Check-up,Hipertensão
858,826,746,2023-10-30,Dor no peito,Nada constatado
859,143,856,2024-03-28,Dor de cabeça,Hipertensão
860,213,311,2025-05-23,Dor no peito,Diabetes
861,68,956,2023-11-15,Dor no peito,Gripe
862,7,420,2025-02-27,Check-up,Nada constatado
863,180,570,2024-10-19,Dor no peito,Hipertensão
864,205,191,2025-06-12,Dor no peito,Diabetes
865,568,503,2025-05-14,Dor de cabeça,Diabetes
866,855,600,2025-06-18,Check-up,Nada constatado
867,573,758,2024-06-09,Dor no peito,Hipertensão
868,28,811,2024-11-29,Dor de cabeça,Hipertensão
869,269,308,2024-07-05,Dor no peito,Gripe
870,670,682,2024-12-24,Check-up,Nada constatado
871,184,504,2023-10-27,Febre,Gripe
872,123,784,2024-09-01,Check-up,Nada constatado
873,994,69,2024-09-05,Check-up,Nada constatado
874,580,447,2024-01-26,Check-up,Nada constatado
875,998,711,2024-10-14,Dor de cabeça,Diabetes
876,525,751,2024-07-29,Dor de cabeça,Diabetes
877,167,596,2024-12-18,Dor de cabeça,Hipertensão
878,328,473,2024-08-07,Febre,Diabetes
879,168,55,2024-02-26,Check-up,Diabetes
880,430,652,2024-03-30,Check-up,Gripe
881,297,299,2025-03-15,Dor de cabeça,Hipertensão
882,785,644,2025-02-10,Febre,Gripe
883,614,771,2024-08-01,Febre,Diabetes
884,894,324,2024-01-15,Check-up,Diabetes
885,702,715,2023-10-03,Check-up,Gripe
886,548,594,2024-02-13,Check-up,Hipertensão
887,14,141,2025-03-10,Check-up,Diabetes
888,798,497,2024-03-10,Dor no peito,Diabetes
889,944,933,2025-01-26,Febre,Gripe
890,224,159,2023-09-26,Febre,Hipertensão
891,815,919,2024-04-23,Dor de cabeça,Nada constatado
892,472,939,2024-09-29,Dor de cabeça,Gripe
893,839,135,2025-05-02,Dor de cabeça,Nada constatado
894,357,320,2025-05-31,Check-up,Hipertensão
895,837,453,2024-01-28,Check-up,Hipertensão
896,727,312,2024-12-17,Dor de cabeça,Gripe
897,228,132,2024-12-07,Febre,Hipertensão
898,315,129,2025-02-14,Febre,Hipertensão
899,81,436,2025-05-18,Dor de cabeça,Gripe
900,20,794,2023-12-30,Dor no peito,Nada constatado
901,44,202,2025-01-13,Dor de cabeça,Gripe
902,813,676,2023-09-22,Dor de cabeça,Nada constatado
903,122,931,2023-09-20,Check-up,Gripe
904,68,309,2024-08-11,Dor de cabeça,Gripe
905,802,127,2023-09-08,Febre,Hipertensão
906,190,687,2024-01-05,Check-up,Gripe
907,93,150,2023-08-03,Check-up,Diabetes
908,361,165,2024-12-25,Febre,Gripe
909,102,840,2024-01-07,Dor de cabeça,Hipertensão
910,733,197,2024-07-21,Check-up,Hipertensão
911,924,773,2025-04-19,Dor de cabeça,Gripe
912,947,220,2024-05-18,Dor no peito,Diabetes
913,715,604,2023-12-16,Febre,Nada constatado
914,690,981,2024-08-05,Dor de cabeça,Hipertensão
915,855,364,2023-10-13,Dor no peito,Nada constatado
916,220,527,2024-04-13,Febre,Nada constatado
917,116,780,2024-01-02,Check-up,Gripe
918,478,113,2025-04-16,Febre,Nada constatado
919,781,370,2024-10-24,Check-up,Gripe
920,85,336,2025-03-06,Dor no peito,Gripe
921,395,291,2024-09-05,Dor no peito,Diabetes
922,704,1000,2024-08-26,Dor no peito,Hipertensão
923,568,418,2025-05-20,Check-up,Nada constatado
924,194,878,2024-03-23,Dor de cabeça,Nada constatado
925,962,696,2025-03-05,Check-up,Hipertensão
926,14,691,2024-03-22,Dor no peito,Gripe
927,406,449,2025-01-24,Dor de cabeça,Gripe
928,147,405,2024-07-10,Dor no peito,Gripe
929,760,948,2024-12-13,Febre,Gripe
930,373,999,2023-11-20,Febre,Diabetes
931,206,610,2025-05-12,Dor no peito,Gripe
932,239,859,2024-08-18,Dor no peito,Nada constatado
933,286,784,2023-10-14,Check-up,Nada constatado
934,365,488,2025-07-03,Dor no peito,Nada constatado
935,524,286,2023-11-02,Febre,Nada constatado
936,111,126,2024-01-09,Check-up,Nada constatado
937,510,237,2025-07-05,Febre,Gripe
938,102,756,2024-05-01,Dor de cabeça,Gripe
939,511,695,2024-05-18,Dor de cabeça,Hipertensão
940,392,620,2024-07-09,Check-up,Hipertensão
941,311,637,2025-05-28,Dor de cabeça,Gripe
942,677,770,2024-11-16,Dor no peito,Nada constatado
943,207,301,2024-08-25,Dor no peito,Nada constatado
944,517,268,2023-12-28,Check-up,Gripe
945,976,783,2025-03-20,Dor de cabeça,Nada constatado
946,902,937,2024-05-29,Dor de cabeça,Nada constatado
947,461,323,2023-12-16,Dor no peito,Nada constatado
948,471,37,2023-09-15,Dor de cabeça,Hipertensão
949,571,676,2024-02-24,Check-up,Hipertensão
950,504,442,2024-06-16,Febre,Diabetes
951,733,399,2023-11-28,Dor no peito,Gripe
952,583,692,2025-01-07,Dor no peito,Nada constatado
953,488,576,2024-03-18,Febre,Gripe
954,401,270,2025-05-29,Dor no peito,Nada constatado
955,632,693,2024-10-14,Check-up,Diabetes
956,329,63,2024-12-08,Dor de cabeça,Gripe
957,132,858,2023-10-11,Check-up,Diabetes
958,829,760,2023-11-15,Dor de cabeça,Diabetes
959,390,100,2024-07-16,Dor no peito,Diabetes
960,366,422,2025-06-03,Check-up,Gripe
961,678,251,2023-10-15,Febre,Hipertensão
962,664,320,2025-02-21,Dor de cabeça,Gripe
963,890,313,2023-10-17,Dor de cabeça,Diabetes
964,174,21,2024-01-26,Check-up,Gripe
965,472,674,2023-08-05,Dor no peito,Nada constatado
966,274,21,2025-06-17,Dor no peito,Gripe
967,325,387,2024-07-15,Dor no peito,Diabetes
968,587,101,2023-12-16,Dor no peito,Gripe
969,708,692,2024-02-16,Febre,Diabetes
970,509,515,2023-08-15,Check-up,Hipertensão
971,630,307,2024-07-27,Check-up,Nada constatado
972,207,509,2024-12-19,Dor de cabeça,Hipertensão
973,295,272,2024-09-08,Dor de cabeça,Diabetes
974,588,412,2024-07-09,Febre,Gripe
975,735,865,2024-04-22,Dor de cabeça,Diabetes
976,280,69,2024-02-15,Dor no peito,Nada constatado
977,215,356,2023-10-23,Dor de cabeça,Diabetes
978,517,824,2025-07-12,Check-up,Nada constatado
979,680,553,2024-09-23,Check-up,Hipertensão
980,425,412,2023-09-27,Check-up,Nada constatado
981,688,782,2024-04-24,Febre,Gripe
982,643,721,2024-06-23,Febre,Nada constatado
983,219,677,2024-01-04,Dor no peito,Diabetes
984,960,654,2023-11-17,Dor no peito,Gripe
985,535,206,2024-05-27,Check-up,Nada constatado
986,152,247,2024-08-17,Febre,Diabetes
987,865,446,2024-06-22,Dor no peito,Diabetes
988,881,851,2024-08-21,Dor de cabeça,Hipertensão
989,867,423,2024-04-08,Check-up,Diabetes
990,662,165,2023-09-03,Check-up,Hipertensão
991,416,245,2024-06-30,Dor de cabeça,Hipertensão
992,197,29,2024-02-20,Febre,Diabetes
993,476,498,2024-05-06,Dor no peito,Nada constatado
994,663,928,2023-10-07,Dor de cabeça,Hipertensão
995,164,280,2023-08-31,Febre,Gripe
996,265,809,2024-12-08,Check-up,Hipertensão
997,660,873,2024-05-16,Dor de cabeça,Nada constatado
998,802,21,2025-02-11,Dor de cabeça,Gripe
999,322,617,2025-07-13,Check-up,Gripe
1000,923,979,2024-06-16,Dor no peito,Diabetes
