id_exame,id_consulta,tipo,resultado,data
1,688,Hemograma,Anormal,2023-12-21
2,966,Raio-X,Normal,2024-03-08
3,115,Hemograma,Anormal,2023-12-18
4,509,Hemograma,Normal,2024-05-31
5,615,Hemograma,Anormal,2023-12-08
6,338,Eletrocardiograma,Normal,2024-10-27
7,958,Eletrocardiograma,Normal,2024-02-23
8,148,Hemograma,Normal,2024-09-07
9,220,Tomografia,Anormal,2024-11-06
10,419,Tomografia,Normal,2024-08-10
11,503,Tomografia,Normal,2024-08-29
12,325,Eletrocardiograma,Anormal,2024-06-24
13,700,Raio-X,Anormal,2023-10-16
14,901,Raio-X,Anormal,2025-01-03
15,487,Tomografia,Anormal,2023-08-31
16,22,Hemograma,Normal,2024-12-07
17,708,Raio-X,Anormal,2024-02-02
18,566,Eletrocardiograma,Anormal,2023-10-18
19,655,Tomografia,Normal,2024-01-10
20,548,Raio-X,Anormal,2023-10-21
21,398,Hemograma,Anormal,2023-09-03
22,950,Tomografia,Anormal,2025-06-18
23,93,Raio-X,Anormal,2023-08-20
24,216,Raio-X,Anormal,2024-10-12
25,647,Tomografia,Anormal,2024-02-15
26,809,Hemograma,Anormal,2024-01-25
27,888,Hemograma,Anormal,2023-09-13
28,483,Eletrocardiograma,Anormal,2024-09-09
29,735,Eletrocardiograma,Normal,2023-10-10
30,845,Raio-X,Anormal,2024-02-22
31,519,Hemograma,Anormal,2024-01-15
32,431,Tomografia,Anormal,2025-06-08
33,712,Hemograma,Normal,2024-11-16
34,657,Raio-X,Anormal,2025-01-17
35,811,Raio-X,Normal,2025-01-29
36,411,Raio-X,Anormal,2024-06-02
37,322,Hemograma,Normal,2024-05-23
38,162,Raio-X,Normal,2024-05-24
39,868,Eletrocardiograma,Anormal,2023-10-10
40,463,Eletrocardiograma,Normal,2024-01-10
41,267,Raio-X,Anormal,2025-02-13
42,819,Tomografia,Normal,2025-04-24
43,87,Eletrocardiograma,Anormal,2025-06-06
44,187,Eletrocardiograma,Anormal,2025-01-11
45,968,Raio-X,Normal,2024-02-17
46,971,Hemograma,Normal,2024-08-11
47,929,Hemograma,Anormal,2023-12-30
48,204,Tomografia,Normal,2023-12-03
49,51,Eletrocardiograma,Anormal,2025-03-25
50,615,Tomografia,Normal,2023-12-29
51,92,Tomografia,Normal,2024-04-19
52,970,Hemograma,Normal,2024-11-29
53,736,Eletrocardiograma,Anormal,2024-03-03
54,848,Eletrocardiograma,Normal,2025-01-22
55,230,Raio-X,Normal,2024-10-29
56,969,Tomografia,Anormal,2024-03-03
57,765,Eletrocardiograma,Anormal,2025-02-13
58,134,Eletrocardiograma,Normal,2023-07-26
59,615,Raio-X,Anormal,2023-10-05
60,745,Raio-X,Anormal,2023-12-14
61,185,Eletrocardiograma,Normal,2024-08-17
62,30,Tomografia,Anormal,2025-06-28
63,242,Eletrocardiograma,Normal,2025-01-18
64,379,Eletrocardiograma,Normal,2024-11-18
65,11,Eletrocardiograma,Normal,2024-07-28
66,893,Tomografia,Anormal,2025-02-17
67,704,Raio-X,Anormal,2024-03-17
68,726,Eletrocardiograma,Anormal,2025-05-16
69,75,Hemograma,Normal,2025-06-27
70,54,Tomografia,Normal,2025-01-08
71,483,Tomografia,Normal,2024-01-25
72,6,Tomografia,Anormal,2023-12-03
73,310,Eletrocardiograma,Anormal,2024-03-24
74,136,Hemograma,Normal,2025-01-03
75,267,Raio-X,Anormal,2023-09-15
76,953,Tomografia,Anormal,2023-11-30
77,136,Hemograma,Anormal,2023-12-16
78,728,Eletrocardiograma,Normal,2024-04-06
79,267,Hemograma,Anormal,2025-06-21
80,46,Raio-X,Anormal,2024-07-11
81,893,Tomografia,Anormal,2023-11-11
82,949,Eletrocardiograma,Anormal,2023-08-02
83,925,Tomografia,Anormal,2024-12-22
84,530,Tomografia,Anormal,2024-07-26
85,915,Raio-X,Anormal,2024-06-20
86,755,Eletrocardiograma,Normal,2024-04-08
87,570,Eletrocardiograma,Normal,2023-08-09
88,194,Raio-X,Normal,2023-12-08
89,236,Raio-X,Normal,2024-02-13
90,482,Tomografia,Normal,2025-06-07
91,723,Eletrocardiograma,Anormal,2023-09-21
92,119,Eletrocardiograma,Normal,2023-12-03
93,453,Tomografia,Anormal,2025-01-01
94,469,Eletrocardiograma,Normal,2025-03-05
95,867,Raio-X,Normal,2025-05-16
96,358,Hemograma,Normal,2023-07-31
97,890,Tomografia,Normal,2024-10-27
98,855,Raio-X,Anormal,2024-04-22
99,577,Raio-X,Normal,2024-07-26
100,539,Raio-X,Anormal,2024-10-18
101,943,Hemograma,Normal,2023-07-24
102,787,Eletrocardiograma,Normal,2024-08-06
103,909,Tomografia,Normal,2025-06-01
104,292,Hemograma,Anormal,2024-02-01
105,383,Hemograma,Anormal,2024-07-25
106,158,Hemograma,Normal,2023-10-16
107,472,Eletrocardiograma,Anormal,2023-08-28
108,644,Tomografia,Normal,2025-04-20
109,338,Hemograma,Anormal,2023-08-06
110,333,Raio-X,Normal,2024-10-06
111,884,Hemograma,Anormal,2025-01-02
112,331,Hemograma,Normal,2024-03-05
113,561,Eletrocardiograma,Normal,2025-05-02
114,409,Tomografia,Normal,2024-01-17
115,246,Eletrocardiograma,Normal,2024-09-03
116,22,Raio-X,Normal,2024-08-17
117,398,Eletrocardiograma,Anormal,2023-11-30
118,663,Raio-X,Normal,2025-03-01
119,306,Eletrocardiograma,Anormal,2023-11-14
120,754,Tomografia,Normal,2025-03-17
121,368,Hemograma,Anormal,2023-10-04
122,525,Raio-X,Anormal,2023-10-09
123,457,Eletrocardiograma,Anormal,2024-03-16
124,275,Eletrocardiograma,Normal,2025-04-08
125,775,Eletrocardiograma,Anormal,2025-02-14
126,629,Raio-X,Anormal,2024-04-09
127,646,Eletrocardiograma,Normal,2024-07-09
128,42,Tomografia,Anormal,2024-08-08
129,693,Raio-X,Normal,2025-02-13
130,954,Eletrocardiograma,Normal,2024-04-21
131,298,Eletrocardiograma,Anormal,2024-09-19
132,82,Eletrocardiograma,Anormal,2024-02-08
133,153,Raio-X,Anormal,2024-12-20
134,862,Raio-X,Anormal,2024-08-04
135,303,Hemograma,Normal,2024-02-05
136,940,Hemograma,Normal,2024-05-01
137,523,Eletrocardiograma,Anormal,2024-07-14
138,97,Eletrocardiograma,Anormal,2023-08-03
139,364,Tomografia,Normal,2025-04-26
140,788,Hemograma,Normal,2024-04-22
141,759,Eletrocardiograma,Normal,2024-03-13
142,806,Raio-X,Anormal,2025-01-25
143,47,Hemograma,Anormal,2024-04-08
144,898,Tomografia,Anormal,2025-06-15
145,602,Eletrocardiograma,Anormal,2024-08-29
146,639,Tomografia,Anormal,2025-03-16
147,990,Raio-X,Normal,2024-12-20
148,190,Hemograma,Anormal,2025-05-19
149,893,Hemograma,Anormal,2025-05-25
150,548,Hemograma,Normal,2025-06-23
151,405,Hemograma,Normal,2025-05-09
152,176,Eletrocardiograma,Anormal,2024-10-28
153,709,Eletrocardiograma,Anormal,2024-08-03
154,311,Tomografia,Anormal,2023-10-19
155,824,Tomografia,Normal,2024-02-18
156,129,Raio-X,Normal,2025-01-06
157,196,Hemograma,Normal,2024-08-30
158,713,Raio-X,Normal,2025-02-08
159,215,Eletrocardiograma,Normal,2024-12-01
160,666,Raio-X,Anormal,2023-08-09
161,863,Raio-X,Normal,2023-11-15
162,309,Eletrocardiograma,Normal,2024-06-06
163,486,Eletrocardiograma,Normal,2025-05-19
164,120,Raio-X,Normal,2024-01-11
165,757,Eletrocardiograma,Anormal,2024-12-17
166,483,Hemograma,Anormal,2023-11-11
167,600,Raio-X,Normal,2024-04-26
168,302,Eletrocardiograma,Normal,2024-08-13
169,342,Hemograma,Normal,2023-08-17
170,646,Eletrocardiograma,Anormal,2024-01-29
171,869,Eletrocardiograma,Anormal,2024-10-14
172,38,Eletrocardiograma,Anormal,2025-02-18
173,498,Eletrocardiograma,Normal,2025-01-14
174,732,Hemograma,Normal,2024-06-22
175,433,Tomografia,Normal,2024-04-28
176,275,Eletrocardiograma,Anormal,2023-12-31
177,120,Eletrocardiograma,Anormal,2025-02-21
178,460,Eletrocardiograma,Normal,2023-10-01
179,166,Tomografia,Normal,2023-12-21
180,481,Tomografia,Anormal,2025-07-08
181,238,Raio-X,Anormal,2024-05-12
182,944,Eletrocardiograma,Normal,2024-12-01
183,905,Tomografia,Anormal,2023-10-15
184,983,Eletrocardiograma,Anormal,2024-02-21
185,816,Eletrocardiograma,Normal,2025-06-04
186,637,Raio-X,Anormal,2024-11-21
187,708,Hemograma,Anormal,2025-01-01
188,133,Raio-X,Normal,2024-09-19
189,161,Eletrocardiograma,Normal,2025-06-21
190,813,Eletrocardiograma,Anormal,2025-07-01
191,311,Raio-X,Normal,2024-07-06
192,571,Hemograma,Normal,2025-06-03
193,368,Tomografia,Anormal,2024-09-05
194,694,Raio-X,Normal,2023-12-06
195,848,Hemograma,Normal,2024-02-15
196,346,Eletrocardiograma,Normal,2025-06-30
197,633,Raio-X,Normal,2025-01-01
198,576,Raio-X,Anormal,2024-04-19
199,265,Tomografia,Anormal,2025-06-12
200,788,Hemograma,Anormal,2024-04-06
201,918,Raio-X,Normal,2024-05-22
202,724,Hemograma,Anormal,2024-10-23
203,819,Eletrocardiograma,Normal,2024-06-12
204,999,Hemograma,Normal,2024-02-23
205,844,Hemograma,Normal,2024-03-20
206,172,Hemograma,Normal,2023-12-19
207,933,Tomografia,Normal,2023-08-24
208,746,Tomografia,Anormal,2024-10-16
209,781,Eletrocardiograma,Normal,2024-08-30
210,158,Tomografia,Anormal,2025-01-19
211,839,Raio-X,Normal,2024-04-15
212,869,Raio-X,Anormal,2025-05-01
213,993,Eletrocardiograma,Normal,2024-11-10
214,252,Eletrocardiograma,Anormal,2023-10-27
215,294,Raio-X,Normal,2024-06-24
216,273,Tomografia,Anormal,2025-04-01
217,370,Raio-X,Normal,2024-07-11
218,772,Eletrocardiograma,Normal,2024-10-06
219,142,Eletrocardiograma,Anormal,2025-03-30
220,941,Eletrocardiograma,Anormal,2025-03-30
221,975,Tomografia,Normal,2024-04-18
222,454,Raio-X,Normal,2024-03-04
223,735,Hemograma,Normal,2023-10-17
224,347,Tomografia,Anormal,2023-07-30
225,791,Raio-X,Anormal,2024-08-14
226,63,Eletrocardiograma,Normal,2025-07-13
227,677,Raio-X,Normal,2025-01-06
228,647,Tomografia,Anormal,2023-11-15
229,412,Tomografia,Anormal,2024-07-20
230,932,Tomografia,Normal,2025-01-02
231,847,Tomografia,Normal,2023-11-17
232,718,Eletrocardiograma,Anormal,2024-09-02
233,660,Raio-X,Anormal,2024-03-05
234,715,Tomografia,Anormal,2024-11-19
235,795,Raio-X,Anormal,2024-09-29
236,87,Hemograma,Anormal,2024-12-20
237,400,Raio-X,Anormal,2023-11-27
238,219,Hemograma,Anormal,2024-03-15
239,534,Tomografia,Normal,2024-08-05
240,24,Hemograma,Anormal,2024-03-03
241,248,Tomografia,Anormal,2023-09-12
242,518,Hemograma,Normal,2025-04-05
243,862,Tomografia,Anormal,2024-03-08
244,643,Tomografia,Normal,2023-08-05
245,49,Hemograma,Anormal,2024-07-10
246,306,Hemograma,Anormal,2023-08-24
247,348,Raio-X,Normal,2024-01-08
248,359,Tomografia,Anormal,2024-02-28
249,683,Raio-X,Anormal,2025-04-25
250,533,Raio-X,Normal,2024-10-26
251,336,Raio-X,Anormal,2023-10-27
252,466,Hemograma,Normal,2023-09-03
253,729,Eletrocardiograma,Anormal,2024-08-06
254,84,Hemograma,Normal,2024-03-17
255,436,Raio-X,Anormal,2023-07-27
256,220,Eletrocardiograma,Normal,2024-06-22
257,379,Eletrocardiograma,Anormal,2024-04-22
258,893,Tomografia,Anormal,2024-12-17
259,652,Eletrocardiograma,Anormal,2025-05-01
260,706,Eletrocardiograma,Anormal,2023-07-24
261,844,Raio-X,Normal,2023-08-31
262,518,Raio-X,Anormal,2024-02-04
263,729,Eletrocardiograma,Normal,2023-11-07
264,992,Hemograma,Normal,2024-04-21
265,467,Eletrocardiograma,Normal,2025-06-05
266,765,Raio-X,Anormal,2024-02-29
267,944,Hemograma,Anormal,2025-03-24
268,113,Hemograma,Anormal,2025-05-21
269,586,Tomografia,Normal,2024-08-16
270,536,Raio-X,Normal,2024-12-21
271,381,Tomografia,Anormal,2025-03-12
272,311,Tomografia,Anormal,2024-10-01
273,29,Raio-X,Normal,2023-11-21
274,803,Eletrocardiograma,Normal,2023-09-28
275,960,Tomografia,Anormal,2025-01-27
276,221,Raio-X,Anormal,2024-02-19
277,3,Hemograma,Anormal,2023-11-11
278,70,Hemograma,Anormal,2025-02-12
279,493,Tomografia,Anormal,2023-12-23
280,922,Tomografia,Anormal,2024-06-23
281,487,Raio-X,Normal,2024-10-20
282,517,Eletrocardiograma,Anormal,2025-07-06
283,684,Eletrocardiograma,Normal,2023-09-24
284,888,Tomografia,Normal,2024-03-05
285,820,Eletrocardiograma,Anormal,2024-01-09
286,239,Eletrocardiograma,Anormal,2023-08-17
287,554,Hemograma,Anormal,2024-07-25
288,754,Tomografia,Normal,2025-07-17
289,887,Raio-X,Normal,2024-04-24
290,586,Tomografia,Normal,2024-02-02
291,660,Hemograma,Normal,2025-04-14
292,979,Hemograma,Normal,2025-01-01
293,769,Eletrocardiograma,Normal,2024-11-29
294,124,Raio-X,Normal,2024-05-19
295,282,Raio-X,Normal,2024-06-16
296,850,Eletrocardiograma,Normal,2024-05-29
297,827,Tomografia,Anormal,2025-06-25
298,604,Hemograma,Anormal,2023-10-08
299,883,Hemograma,Anormal,2025-06-16
300,448,Raio-X,Anormal,2024-02-11
301,25,Tomografia,Anormal,2025-07-07
302,264,Hemograma,Normal,2024-03-14
303,102,Raio-X,Anormal,2024-10-29
304,148,Raio-X,Anormal,2024-03-21
305,787,Hemograma,Normal,2023-12-05
306,315,Eletrocardiograma,Normal,2024-10-03
307,61,Tomografia,Normal,2024-06-26
308,28,Hemograma,Anormal,2025-01-01
309,400,Hemograma,Anormal,2025-06-03
310,146,Eletrocardiograma,Anormal,2024-03-30
311,265,Eletrocardiograma,Normal,2025-04-08
312,54,Raio-X,Normal,2024-10-15
313,771,Raio-X,Anormal,2023-11-09
314,521,Eletrocardiograma,Normal,2025-01-04
315,276,Hemograma,Anormal,2025-03-11
316,476,Eletrocardiograma,Normal,2023-12-25
317,496,Hemograma,Anormal,2024-02-03
318,649,Raio-X,Normal,2023-11-06
319,276,Hemograma,Normal,2024-06-11
320,782,Raio-X,Anormal,2024-09-26
321,582,Eletrocardiograma,Anormal,2023-12-25
322,86,Raio-X,Normal,2024-03-13
323,383,Raio-X,Normal,2024-03-16
324,551,Eletrocardiograma,Anormal,2023-09-28
325,43,Hemograma,Anormal,2024-03-10
326,985,Tomografia,Normal,2024-10-06
327,1,Hemograma,Anormal,2025-07-13
328,280,Tomografia,Anormal,2024-11-23
329,360,Raio-X,Anormal,2024-07-16
330,47,Raio-X,Normal,2024-09-19
331,308,Hemograma,Anormal,2023-12-13
332,716,Hemograma,Normal,2024-05-11
333,743,Tomografia,Anormal,2025-03-22
334,216,Tomografia,Anormal,2025-06-03
335,651,Tomografia,Anormal,2025-05-01
336,280,Raio-X,Anormal,2024-06-27
337,350,Raio-X,Anormal,2023-10-06
338,983,Tomografia,Normal,2023-11-08
339,936,Raio-X,Normal,2024-09-05
340,624,Eletrocardiograma,Normal,2024-07-01
341,924,Hemograma,Normal,2025-01-13
342,424,Eletrocardiograma,Anormal,2024-03-23
343,552,Hemograma,Normal,2024-08-18
344,552,Hemograma,Anormal,2025-07-19
345,689,Hemograma,Anormal,2025-01-06
346,996,Eletrocardiograma,Anormal,2025-01-27
347,397,Raio-X,Normal,2024-04-26
348,128,Eletrocardiograma,Anormal,2024-07-21
349,959,Raio-X,Anormal,2024-04-24
350,10,Raio-X,Normal,2024-06-20
351,777,Tomografia,Anormal,2024-07-20
352,197,Hemograma,Anormal,2024-06-14
353,828,Raio-X,Normal,2024-06-06
354,506,Tomografia,Normal,2024-07-16
355,288,Eletrocardiograma,Normal,2023-08-14
356,8,Raio-X,Anormal,2025-07-01
357,114,Tomografia,Anormal,2024-09-30
358,175,Raio-X,Normal,2023-08-13
359,67,Raio-X,Normal,2025-03-10
360,131,Tomografia,Normal,2024-06-14
361,903,Tomografia,Normal,2023-09-30
362,869,Hemograma,Anormal,2025-03-02
363,698,Eletrocardiograma,Normal,2023-11-10
364,961,Eletrocardiograma,Normal,2024-11-12
365,875,Tomografia,Anormal,2025-06-27
366,865,Eletrocardiograma,Anormal,2024-03-14
367,125,Eletrocardiograma,Anormal,2025-03-25
368,371,Hemograma,Normal,2024-01-28
369,49,Tomografia,Anormal,2024-10-16
370,546,Eletrocardiograma,Anormal,2024-08-24
371,6,Eletrocardiograma,Normal,2024-05-08
372,343,Hemograma,Normal,2023-10-30
373,756,Raio-X,Anormal,2024-11-17
374,981,Hemograma,Normal,2024-09-17
375,202,Raio-X,Anormal,2025-06-21
376,319,Hemograma,Normal,2024-10-05
377,29,Eletrocardiograma,Anormal,2025-06-04
378,828,Hemograma,Anormal,2024-03-07
379,861,Tomografia,Normal,2023-09-03
380,111,Eletrocardiograma,Normal,2025-03-01
381,982,Tomografia,Normal,2025-05-10
382,842,Tomografia,Normal,2024-05-23
383,967,Hemograma,Anormal,2023-10-29
384,783,Hemograma,Anormal,2024-05-31
385,593,Hemograma,Normal,2024-12-25
386,998,Hemograma,Normal,2023-07-28
387,387,Tomografia,Normal,2024-07-17
388,802,Raio-X,Normal,2025-04-11
389,942,Eletrocardiograma,Normal,2025-03-07
390,309,Eletrocardiograma,Normal,2025-06-02
391,105,Hemograma,Normal,2024-08-29
392,302,Eletrocardiograma,Anormal,2024-07-15
393,99,Eletrocardiograma,Normal,2025-05-05
394,886,Hemograma,Anormal,2023-09-04
395,394,Eletrocardiograma,Anormal,2023-09-27
396,902,Hemograma,Anormal,2023-09-04
397,667,Hemograma,Anormal,2024-02-18
398,530,Tomografia,Normal,2025-04-28
399,111,Hemograma,Normal,2024-12-09
400,610,Hemograma,Normal,2023-10-15
401,927,Raio-X,Anormal,2024-04-08
402,364,Eletrocardiograma,Anormal,2024-10-27
403,743,Eletrocardiograma,Normal,2023-10-07
404,249,Raio-X,Normal,2025-04-22
405,62,Raio-X,Anormal,2024-03-05
406,599,Eletrocardiograma,Anormal,2024-10-05
407,319,Raio-X,Normal,2024-07-31
408,481,Tomografia,Anormal,2025-01-10
409,299,Tomografia,Normal,2024-04-06
410,531,Raio-X,Normal,2025-05-25
411,244,Hemograma,Anormal,2023-09-09
412,353,Raio-X,Normal,2023-10-26
413,656,Raio-X,Normal,2025-02-18
414,350,Raio-X,Anormal,2024-10-20
415,712,Eletrocardiograma,Anormal,2024-12-28
416,873,Tomografia,Anormal,2024-08-23
417,429,Tomografia,Normal,2025-02-17
418,108,Eletrocardiograma,Normal,2025-01-30
419,508,Raio-X,Normal,2023-09-03
420,655,Raio-X,Normal,2025-01-18
421,478,Raio-X,Normal,2023-12-30
422,493,Tomografia,Anormal,2024-08-27
423,211,Eletrocardiograma,Normal,2023-11-12
424,846,Hemograma,Anormal,2024-10-02
425,11,Hemograma,Anormal,2025-02-18
426,31,Hemograma,Normal,2024-08-11
427,298,Eletrocardiograma,Normal,2023-11-06
428,647,Tomografia,Normal,2024-01-13
429,999,Hemograma,Normal,2025-06-18
430,203,Tomografia,Normal,2024-12-29
431,225,Tomografia,Normal,2024-12-01
432,348,Raio-X,Normal,2025-05-15
433,201,Hemograma,Normal,2023-11-21
434,864,Tomografia,Normal,2024-03-13
435,22,Raio-X,Anormal,2024-11-22
436,671,Hemograma,Anormal,2024-03-21
437,959,Raio-X,Anormal,2025-02-01
438,468,Raio-X,Anormal,2025-07-20
439,829,Tomografia,Normal,2023-07-29
440,964,Eletrocardiograma,Normal,2025-04-09
441,122,Raio-X,Normal,2024-08-03
442,814,Raio-X,Normal,2024-11-19
443,546,Eletrocardiograma,Anormal,2025-01-08
444,326,Eletrocardiograma,Normal,2023-12-26
445,944,Hemograma,Normal,2023-10-21
446,875,Tomografia,Normal,2023-09-14
447,336,Raio-X,Normal,2023-07-24
448,645,Tomografia,Normal,2023-11-19
449,872,Eletrocardiograma,Normal,2024-11-03
450,745,Hemograma,Anormal,2025-06-06
451,810,Hemograma,Normal,2023-10-26
452,521,Eletrocardiograma,Anormal,2024-08-30
453,511,Eletrocardiograma,Normal,2023-10-07
454,330,Tomografia,Anormal,2024-02-01
455,733,Eletrocardiograma,Anormal,2023-12-29
456,275,Eletrocardiograma,Normal,2023-10-12
457,213,Raio-X,Normal,2024-07-25
458,463,Raio-X,Anormal,2023-08-12
459,224,Tomografia,Anormal,2025-04-30
460,911,Eletrocardiograma,Normal,2024-08-19
461,958,Tomografia,Anormal,2024-07-02
462,564,Hemograma,Normal,2024-05-22
463,770,Hemograma,Anormal,2023-09-05
464,456,Tomografia,Normal,2025-07-12
465,598,Hemograma,Anormal,2023-10-26
466,525,Tomografia,Anormal,2024-03-12
467,462,Eletrocardiograma,Anormal,2024-06-02
468,419,Tomografia,Anormal,2024-08-02
469,325,Tomografia,Anormal,2023-12-13
470,26,Raio-X,Anormal,2025-04-21
471,240,Tomografia,Normal,2024-01-22
472,368,Hemograma,Anormal,2025-05-07
473,863,Hemograma,Anormal,2025-05-12
474,949,Raio-X,Normal,2024-09-20
475,122,Hemograma,Anormal,2024-02-11
476,40,Raio-X,Anormal,2025-04-22
477,202,Tomografia,Anormal,2024-11-10
478,310,Tomografia,Normal,2025-01-03
479,723,Raio-X,Anormal,2024-06-29
480,9,Tomografia,Anormal,2025-05-21
481,843,Tomografia,Anormal,2024-12-16
482,969,Eletrocardiograma,Normal,2024-11-14
483,484,Raio-X,Anormal,2023-10-27
484,234,Raio-X,Normal,2024-06-23
485,486,Raio-X,Anormal,2023-11-14
486,740,Eletrocardiograma,Anormal,2024-11-29
487,811,Hemograma,Anormal,2023-08-09
488,867,Raio-X,Anormal,2023-12-14
489,789,Eletrocardiograma,Normal,2023-11-11
490,450,Eletrocardiograma,Normal,2025-04-19
491,384,Raio-X,Normal,2025-02-21
492,313,Hemograma,Anormal,2024-12-15
493,830,Tomografia,Anormal,2024-01-26
494,231,Eletrocardiograma,Anormal,2023-12-03
495,703,Eletrocardiograma,Anormal,2024-08-24
496,334,Hemograma,Normal,2025-02-19
497,945,Raio-X,Normal,2025-01-17
498,976,Tomografia,Anormal,2024-09-20
499,391,Raio-X,Anormal,2023-12-26
500,66,Eletrocardiograma,Normal,2024-07-27
501,487,Hemograma,Anormal,2024-07-31
502,584,Eletrocardiograma,Anormal,2024-03-05
503,96,Raio-X,Normal,2024-03-04
504,692,Raio-X,Normal,2024-12-23
505,847,Eletrocardiograma,Normal,2023-10-09
506,192,Raio-X,Normal,2024-10-23
507,934,Eletrocardiograma,Anormal,2024-08-09
508,211,Raio-X,Anormal,2024-05-04
509,676,Hemograma,Anormal,2024-12-23
510,59,Tomografia,Normal,2024-02-22
511,176,Tomografia,Anormal,2024-05-22
512,401,Raio-X,Normal,2024-05-18
513,133,Eletrocardiograma,Anormal,2025-01-15
514,761,Hemograma,Anormal,2025-04-05
515,979,Raio-X,Normal,2023-10-15
516,892,Raio-X,Anormal,2024-07-18
517,443,Eletrocardiograma,Normal,2024-06-11
518,619,Tomografia,Normal,2025-04-15
519,515,Eletrocardiograma,Anormal,2024-06-17
520,207,Hemograma,Normal,2023-11-16
521,457,Hemograma,Anormal,2023-08-14
522,620,Raio-X,Anormal,2024-02-29
523,933,Eletrocardiograma,Anormal,2024-07-13
524,474,Hemograma,Normal,2023-10-25
525,295,Eletrocardiograma,Anormal,2024-10-04
526,718,Tomografia,Anormal,2024-05-21
527,628,Raio-X,Anormal,2023-08-01
528,256,Raio-X,Anormal,2024-10-16
529,469,Eletrocardiograma,Normal,2024-03-15
530,716,Hemograma,Anormal,2023-08-19
531,716,Hemograma,Normal,2024-12-06
532,907,Raio-X,Anormal,2024-12-10
533,904,Tomografia,Normal,2025-06-16
534,715,Raio-X,Anormal,2024-12-15
535,422,Hemograma,Anormal,2024-11-16
536,79,Hemograma,Anormal,2024-07-03
537,420,Eletrocardiograma,Normal,2023-08-26
538,259,Raio-X,Normal,2025-06-28
539,474,Hemograma,Normal,2025-06-27
540,655,Eletrocardiograma,Anormal,2024-04-24
541,352,Eletrocardiograma,Normal,2023-11-09
542,407,Hemograma,Normal,2024-07-21
543,257,Hemograma,Normal,2025-06-08
544,335,Eletrocardiograma,Anormal,2025-02-04
545,473,Hemograma,Normal,2024-07-14
546,562,Raio-X,Anormal,2024-02-24
547,144,Eletrocardiograma,Anormal,2023-07-31
548,862,Raio-X,Normal,2023-11-23
549,859,Hemograma,Normal,2024-04-26
550,182,Tomografia,Normal,2024-08-15
551,548,Eletrocardiograma,Normal,2025-05-18
552,80,Hemograma,Anormal,2025-05-22
553,158,Eletrocardiograma,Anormal,2024-08-17
554,183,Raio-X,Normal,2024-01-03
555,915,Raio-X,Anormal,2024-04-19
556,714,Hemograma,Normal,2025-06-24
557,400,Tomografia,Anormal,2025-01-22
558,54,Hemograma,Normal,2024-09-03
559,791,Eletrocardiograma,Normal,2024-05-22
560,952,Raio-X,Anormal,2024-08-25
561,931,Raio-X,Normal,2023-09-10
562,94,Hemograma,Anormal,2023-12-06
563,29,Hemograma,Anormal,2024-12-14
564,841,Raio-X,Normal,2023-11-18
565,226,Hemograma,Normal,2024-04-22
566,742,Raio-X,Normal,2024-12-14
567,426,Hemograma,Anormal,2025-02-01
568,331,Raio-X,Normal,2024-10-03
569,957,Eletrocardiograma,Anormal,2024-04-12
570,124,Raio-X,Normal,2024-07-14
571,109,Tomografia,Anormal,2025-01-29
572,178,Hemograma,Anormal,2025-05-20
573,670,Tomografia,Normal,2025-03-26
574,399,Raio-X,Anormal,2023-11-09
575,226,Hemograma,Anormal,2024-02-25
576,666,Tomografia,Normal,2025-03-24
577,69,Raio-X,Anormal,2025-03-07
578,309,Eletrocardiograma,Normal,2024-12-16
579,730,Raio-X,Anormal,2024-03-15
580,983,Hemograma,Anormal,2025-07-10
581,647,Eletrocardiograma,Normal,2024-05-24
582,341,Raio-X,Anormal,2023-09-14
583,872,Eletrocardiograma,Normal,2025-07-04
584,344,Hemograma,Anormal,2025-05-05
585,392,Raio-X,Normal,2024-12-06
586,239,Hemograma,Normal,2024-08-02
587,317,Raio-X,Anormal,2024-05-11
588,776,Raio-X,Normal,2024-07-24
589,62,Raio-X,Anormal,2024-11-05
590,511,Tomografia,Normal,2024-12-16
591,156,Eletrocardiograma,Normal,2023-12-11
592,658,Hemograma,Normal,2024-10-13
593,946,Eletrocardiograma,Anormal,2025-01-24
594,138,Tomografia,Anormal,2025-07-13
595,660,Hemograma,Anormal,2024-08-20
596,664,Tomografia,Normal,2025-03-17
597,235,Tomografia,Anormal,2024-12-16
598,249,Raio-X,Normal,2024-09-04
599,929,Raio-X,Normal,2024-02-10
600,623,Eletrocardiograma,Anormal,2023-11-01
601,188,Eletrocardiograma,Normal,2025-01-15
602,67,Eletrocardiograma,Normal,2024-03-31
603,977,Raio-X,Normal,2024-10-23
604,650,Raio-X,Normal,2024-10-17
605,129,Hemograma,Normal,2024-04-19
606,607,Raio-X,Normal,2024-10-19
607,520,Hemograma,Anormal,2024-11-14
608,743,Eletrocardiograma,Anormal,2025-04-28
609,169,Raio-X,Normal,2024-06-01
610,435,Raio-X,Normal,2023-09-14
611,311,Tomografia,Anormal,2023-08-27
612,991,Raio-X,Anormal,2023-08-15
613,884,Eletrocardiograma,Normal,2025-05-15
614,974,Tomografia,Anormal,2025-02-12
615,387,Raio-X,Anormal,2023-11-24
616,452,Eletrocardiograma,Anormal,2024-01-19
617,779,Raio-X,Anormal,2023-10-06
618,21,Eletrocardiograma,Anormal,2024-12-21
619,875,Hemograma,Anormal,2023-10-14
620,610,Raio-X,Normal,2024-08-14
621,264,Eletrocardiograma,Anormal,2025-07-18
622,314,Eletrocardiograma,Anormal,2025-01-01
623,385,Eletrocardiograma,Normal,2024-07-28
624,342,Raio-X,Anormal,2024-03-31
625,201,Raio-X,Normal,2025-03-05
626,5,Hemograma,Anormal,2024-01-19
627,504,Eletrocardiograma,Anormal,2025-03-14
628,963,Eletrocardiograma,Anormal,2025-04-12
629,394,Eletrocardiograma,Anormal,2025-07-05
630,657,Hemograma,Anormal,2025-02-12
631,907,Hemograma,Normal,2025-04-01
632,395,Raio-X,Normal,2024-01-23
633,782,Eletrocardiograma,Anormal,2023-10-13
634,790,Tomografia,Anormal,2025-06-21
635,651,Tomografia,Normal,2025-06-07
636,667,Eletrocardiograma,Anormal,2023-12-06
637,754,Raio-X,Normal,2025-02-08
638,490,Hemograma,Anormal,2025-06-16
639,647,Hemograma,Normal,2024-05-17
640,268,Eletrocardiograma,Normal,2025-03-02
641,261,Raio-X,Normal,2024-06-14
642,13,Hemograma,Normal,2025-07-09
643,660,Eletrocardiograma,Anormal,2023-09-11
644,724,Hemograma,Normal,2023-09-10
645,898,Eletrocardiograma,Normal,2024-11-10
646,850,Eletrocardiograma,Anormal,2024-02-03
647,709,Tomografia,Anormal,2023-10-20
648,601,Tomografia,Anormal,2023-08-22
649,771,Hemograma,Normal,2025-05-11
650,652,Tomografia,Normal,2025-02-25
651,276,Raio-X,Anormal,2023-09-18
652,716,Tomografia,Normal,2024-06-30
653,173,Eletrocardiograma,Normal,2025-03-07
654,100,Hemograma,Anormal,2024-05-09
655,538,Eletrocardiograma,Anormal,2024-11-06
656,751,Eletrocardiograma,Normal,2024-11-25
657,181,Tomografia,Normal,2025-05-06
658,721,Raio-X,Normal,2023-08-15
659,499,Raio-X,Normal,2025-07-10
660,462,Raio-X,Normal,2023-12-06
661,206,Hemograma,Normal,2024-03-29
662,829,Raio-X,Anormal,2023-10-15
663,924,Eletrocardiograma,Anormal,2025-01-16
664,642,Hemograma,Normal,2024-07-07
665,82,Tomografia,Normal,2024-05-12
666,387,Hemograma,Anormal,2023-11-04
667,66,Tomografia,Normal,2024-11-30
668,600,Raio-X,Anormal,2024-10-11
669,497,Hemograma,Normal,2024-09-28
670,63,Tomografia,Normal,2023-12-26
671,682,Hemograma,Normal,2023-12-23
672,217,Hemograma,Anormal,2024-02-05
673,618,Tomografia,Anormal,2024-08-08
674,485,Tomografia,Anormal,2024-06-27
675,345,Tomografia,Anormal,2025-01-01
676,323,Raio-X,Anormal,2024-03-02
677,682,Eletrocardiograma,Anormal,2024-01-15
678,626,Hemograma,Anormal,2023-12-27
679,895,Tomografia,Normal,2025-02-19
680,4,Eletrocardiograma,Anormal,2023-11-26
681,743,Raio-X,Normal,2024-06-25
682,617,Hemograma,Anormal,2025-04-16
683,974,Raio-X,Anormal,2024-09-06
684,463,Eletrocardiograma,Anormal,2025-04-12
685,677,Raio-X,Normal,2025-03-28
686,654,Tomografia,Normal,2023-12-20
687,649,Tomografia,Normal,2023-09-28
688,993,Tomografia,Anormal,2024-10-18
689,240,Eletrocardiograma,Anormal,2023-08-11
690,757,Hemograma,Anormal,2024-11-23
691,439,Eletrocardiograma,Normal,2024-12-24
692,752,Eletrocardiograma,Anormal,2023-10-06
693,622,Raio-X,Normal,2023-12-29
694,891,Hemograma,Normal,2023-08-18
695,510,Hemograma,Anormal,2025-04-13
696,853,Eletrocardiograma,Normal,2023-11-10
697,918,Eletrocardiograma,Normal,2025-06-16
698,494,Raio-X,Normal,2023-07-28
699,217,Raio-X,Normal,2024-04-28
700,109,Eletrocardiograma,Normal,2025-03-16
701,165,Tomografia,Anormal,2024-06-04
702,785,Tomografia,Normal,2024-10-07
703,737,Tomografia,Anormal,2024-09-20
704,975,Hemograma,Normal,2025-05-25
705,945,Eletrocardiograma,Normal,2023-09-17
706,815,Tomografia,Normal,2024-04-13
707,955,Hemograma,Anormal,2023-12-14
708,387,Eletrocardiograma,Anormal,2025-01-04
709,828,Raio-X,Normal,2025-02-09
710,266,Hemograma,Anormal,2025-06-30
711,90,Hemograma,Normal,2025-02-08
712,349,Raio-X,Normal,2024-12-03
713,587,Tomografia,Normal,2024-09-06
714,874,Tomografia,Anormal,2024-08-12
715,591,Hemograma,Anormal,2023-12-18
716,64,Raio-X,Anormal,2025-04-30
717,434,Tomografia,Anormal,2024-01-01
718,817,Raio-X,Normal,2024-10-09
719,110,Eletrocardiograma,Normal,2025-04-26
720,552,Eletrocardiograma,Anormal,2024-07-25
721,149,Tomografia,Normal,2024-08-16
722,512,Eletrocardiograma,Normal,2024-04-22
723,616,Tomografia,Normal,2024-04-25
724,765,Hemograma,Anormal,2024-11-15
725,317,Hemograma,Anormal,2025-06-21
726,869,Eletrocardiograma,Normal,2024-09-29
727,507,Tomografia,Anormal,2025-05-16
728,61,Tomografia,Normal,2023-11-08
729,848,Raio-X,Normal,2025-04-06
730,718,Hemograma,Normal,2023-09-14
731,878,Eletrocardiograma,Anormal,2024-06-28
732,307,Raio-X,Normal,2024-06-20
733,562,Eletrocardiograma,Anormal,2024-11-20
734,433,Eletrocardiograma,Anormal,2024-05-11
735,776,Eletrocardiograma,Anormal,2025-06-01
736,74,Tomografia,Anormal,2023-09-17
737,714,Raio-X,Anormal,2024-10-08
738,100,Raio-X,Anormal,2023-09-22
739,771,Hemograma,Anormal,2023-10-30
740,469,Raio-X,Normal,2025-03-22
741,453,Eletrocardiograma,Anormal,2024-08-28
742,919,Raio-X,Normal,2024-03-11
743,224,Raio-X,Normal,2023-10-10
744,371,Hemograma,Normal,2023-10-23
745,386,Eletrocardiograma,Normal,2024-08-14
746,949,Hemograma,Normal,2024-01-19
747,365,Eletrocardiograma,Normal,2023-09-01
748,968,Hemograma,Normal,2024-11-02
749,528,Tomografia,Anormal,2024-09-15
750,994,Raio-X,Anormal,2024-04-06
751,251,Hemograma,Normal,2023-08-10
752,247,Eletrocardiograma,Anormal,2024-01-14
753,310,Raio-X,Anormal,2025-04-21
754,795,Hemograma,Anormal,2025-07-23
755,886,Eletrocardiograma,Anormal,2024-03-05
756,648,Eletrocardiograma,Anormal,2025-07-09
757,12,Hemograma,Normal,2025-04-27
758,85,Hemograma,Anormal,2024-02-04
759,657,Raio-X,Normal,2024-05-22
760,601,Eletrocardiograma,Anormal,2025-01-20
761,711,Hemograma,Normal,2024-04-26
762,394,Eletrocardiograma,Anormal,2023-09-14
763,306,Raio-X,Normal,2025-05-31
764,334,Hemograma,Normal,2025-05-30
765,416,Hemograma,Anormal,2023-11-23
766,570,Eletrocardiograma,Normal,2024-03-03
767,532,Hemograma,Normal,2023-09-20
768,989,Hemograma,Normal,2024-09-11
769,883,Raio-X,Normal,2024-10-12
770,569,Eletrocardiograma,Anormal,2024-01-27
771,126,Hemograma,Normal,2025-05-16
772,589,Raio-X,Normal,2024-08-29
773,90,Tomografia,Normal,2025-07-16
774,87,Hemograma,Anormal,2024-11-09
775,373,Raio-X,Anormal,2024-08-15
776,968,Hemograma,Normal,2024-03-22
777,308,Hemograma,Anormal,2024-05-29
778,675,Eletrocardiograma,Normal,2024-11-15
779,591,Eletrocardiograma,Anormal,2023-09-05
780,536,Tomografia,Normal,2024-09-20
781,705,Hemograma,Normal,2025-01-15
782,243,Hemograma,Normal,2025-06-15
783,146,Tomografia,Normal,2023-10-18
784,981,Raio-X,Normal,2024-10-18
785,606,Tomografia,Anormal,2024-07-23
786,132,Eletrocardiograma,Normal,2025-07-20
787,564,Tomografia,Anormal,2025-07-05
788,391,Raio-X,Anormal,2024-02-13
789,468,Hemograma,Anormal,2024-12-12
790,693,Eletrocardiograma,Normal,2023-08-16
791,549,Raio-X,Normal,2023-08-18
792,645,Tomografia,Normal,2024-04-11
793,732,Tomografia,Normal,2024-06-15
794,430,Raio-X,Anormal,2024-02-11
795,807,Eletrocardiograma,Anormal,2023-12-26
796,27,Raio-X,Normal,2024-04-08
797,277,Hemograma,Normal,2025-06-12
798,701,Eletrocardiograma,Normal,2025-03-08
799,338,Hemograma,Anormal,2023-09-08
800,932,Tomografia,Anormal,2023-11-09
801,150,Raio-X,Anormal,2023-12-29
802,11,Hemograma,Anormal,2024-09-20
803,993,Raio-X,Anormal,2025-04-18
804,975,Hemograma,Normal,2025-02-13
805,180,Tomografia,Anormal,2024-04-05
806,98,Tomografia,Anormal,2025-07-10
807,565,Tomografia,Normal,2025-03-03
808,919,Hemograma,Normal,2024-12-20
809,326,Eletrocardiograma,Normal,2025-07-01
810,354,Eletrocardiograma,Anormal,2025-06-05
811,607,Raio-X,Anormal,2023-09-10
812,10,Raio-X,Normal,2024-01-23
813,147,Eletrocardiograma,Anormal,2024-08-10
814,55,Tomografia,Normal,2023-09-18
815,695,Eletrocardiograma,Anormal,2025-04-09
816,188,Eletrocardiograma,Anormal,2024-10-03
817,818,Eletrocardiograma,Anormal,2025-06-25
818,283,Eletrocardiograma,Normal,2024-11-08
819,313,Hemograma,Anormal,2025-01-20
820,417,Tomografia,Normal,2025-05-02
821,650,Hemograma,Normal,2025-03-09
822,748,Raio-X,Normal,2025-04-11
823,170,Hemograma,Normal,2023-08-20
824,762,Tomografia,Anormal,2024-04-17
825,828,Hemograma,Anormal,2023-09-16
826,694,Raio-X,Anormal,2024-06-11
827,510,Hemograma,Anormal,2024-10-30
828,15,Raio-X,Normal,2025-02-17
829,732,Eletrocardiograma,Anormal,2024-11-10
830,251,Hemograma,Anormal,2025-07-14
831,988,Raio-X,Normal,2023-09-24
832,180,Hemograma,Anormal,2025-06-12
833,860,Raio-X,Anormal,2024-09-24
834,976,Hemograma,Anormal,2024-07-29
835,508,Eletrocardiograma,Normal,2023-11-01
836,383,Hemograma,Anormal,2024-02-19
837,936,Raio-X,Normal,2025-02-04
838,298,Tomografia,Anormal,2023-08-25
839,301,Tomografia,Normal,2023-10-12
840,3,Eletrocardiograma,Normal,2023-08-20
841,946,Tomografia,Normal,2024-08-12
842,958,Eletrocardiograma,Anormal,2024-08-21
843,59,Tomografia,Normal,2024-01-14
844,631,Eletrocardiograma,Anormal,2024-12-10
845,306,Tomografia,Normal,2024-04-21
846,6,Tomografia,Normal,2024-06-23
847,412,Tomografia,Normal,2024-07-28
848,104,Eletrocardiograma,Anormal,2024-03-15
849,203,Hemograma,Normal,2025-03-22
850,421,Hemograma,Anormal,2025-05-14
851,8,Raio-X,Anormal,2025-06-03
852,232,Eletrocardiograma,Anormal,2024-01-16
853,384,Tomografia,Anormal,2023-08-09
854,439,Raio-X,Anormal,2025-07-16
855,112,Eletrocardiograma,Anormal,2023-09-04
856,166,Raio-X,Anormal,2023-08-13
857,766,Eletrocardiograma,Normal,2025-03-15
858,368,Raio-X,Normal,2025-03-22
859,195,Tomografia,Normal,2025-04-14
860,137,Eletrocardiograma,Anormal,2023-12-23
861,762,Tomografia,Normal,2024-09-10
862,165,Raio-X,Anormal,2024-11-07
863,983,Tomografia,Normal,2025-05-22
864,432,Eletrocardiograma,Anormal,2024-05-13
865,820,Raio-X,Anormal,2025-01-03
866,770,Eletrocardiograma,Anormal,2025-01-04
867,135,Hemograma,Normal,2025-02-16
868,812,Hemograma,Normal,2023-08-07
869,160,Tomografia,Normal,2024-09-25
870,786,Raio-X,Normal,2024-08-01
871,695,Tomografia,Anormal,2023-09-02
872,1000,Hemograma,Anormal,2024-05-19
873,492,Tomografia,Anormal,2025-03-09
874,498,Hemograma,Anormal,2024-05-12
875,254,Raio-X,Normal,2025-01-14
876,256,Tomografia,Normal,2023-10-29
877,885,Tomografia,Normal,2024-06-21
878,683,Eletrocardiograma,Normal,2025-01-18
879,486,Hemograma,Normal,2024-06-19
880,194,Raio-X,Normal,2024-09-22
881,124,Raio-X,Anormal,2023-11-08
882,40,Tomografia,Normal,2023-10-21
883,952,Raio-X,Anormal,2024-06-28
884,19,Raio-X,Normal,2023-10-23
885,886,Hemograma,Anormal,2025-06-19
886,418,Tomografia,Normal,2024-11-13
887,228,Tomografia,Anormal,2025-06-24
888,491,Hemograma,Anormal,2024-05-04
889,660,Hemograma,Anormal,2024-04-22
890,113,Tomografia,Anormal,2023-12-21
891,288,Tomografia,Anormal,2024-04-15
892,253,Tomografia,Normal,2024-06-27
893,187,Hemograma,Normal,2025-07-06
894,54,Tomografia,Normal,2023-09-06
895,293,Eletrocardiograma,Anormal,2024-01-24
896,931,Hemograma,Anormal,2024-01-20
897,190,Tomografia,Anormal,2023-10-03
898,373,Tomografia,Anormal,2024-10-23
899,115,Hemograma,Normal,2023-07-31
900,700,Raio-X,Anormal,2024-01-16
901,370,Tomografia,Anormal,2024-06-08
902,244,Tomografia,Normal,2025-02-23
903,599,Eletrocardiograma,Normal,2025-02-27
904,909,Hemograma,Normal,2025-06-12
905,645,Hemograma,Normal,2025-04-11
906,601,Raio-X,Normal,2025-03-31
907,722,Eletrocardiograma,Normal,2024-09-12
908,77,Tomografia,Anormal,2024-10-07
909,743,Eletrocardiograma,Normal,2023-08-28
910,547,Raio-X,Normal,2025-04-06
911,131,Raio-X,Anormal,2023-08-04
912,564,Tomografia,Anormal,2025-06-01
913,917,Tomografia,Anormal,2025-02-02
914,645,Hemograma,Anormal,2024-02-03
915,70,Eletrocardiograma,Anormal,2025-04-15
916,537,Hemograma,Normal,2023-09-06
917,614,Tomografia,Normal,2023-09-21
918,297,Hemograma,Normal,2023-09-06
919,814,Raio-X,Anormal,2023-10-30
920,507,Hemograma,Normal,2024-06-28
921,449,Eletrocardiograma,Anormal,2023-12-11
922,411,Tomografia,Normal,2024-02-28
923,189,Hemograma,Normal,2023-08-26
924,586,Raio-X,Normal,2024-03-23
925,901,Eletrocardiograma,Anormal,2024-04-20
926,311,Raio-X,Anormal,2024-11-02
927,726,Tomografia,Normal,2024-12-13
928,176,Raio-X,Normal,2025-06-14
929,547,Raio-X,Anormal,2024-01-29
930,41,Raio-X,Anormal,2024-03-07
931,950,Raio-X,Anormal,2023-11-01
932,895,Hemograma,Normal,2024-11-05
933,844,Raio-X,Normal,2024-05-27
934,2,Tomografia,Anormal,2024-07-29
935,333,Hemograma,Anormal,2024-12-15
936,740,Raio-X,Anormal,2023-10-27
937,920,Tomografia,Anormal,2024-12-14
938,59,Hemograma,Anormal,2023-09-21
939,225,Tomografia,Normal,2023-09-21
940,263,Hemograma,Normal,2024-02-03
941,740,Eletrocardiograma,Anormal,2025-07-21
942,891,Raio-X,Anormal,2024-09-18
943,226,Tomografia,Anormal,2023-12-30
944,209,Eletrocardiograma,Normal,2024-08-11
945,457,Raio-X,Anormal,2025-01-21
946,378,Raio-X,Anormal,2025-02-14
947,96,Eletrocardiograma,Normal,2025-04-15
948,471,Raio-X,Normal,2024-04-26
949,194,Eletrocardiograma,Normal,2025-06-20
950,664,Tomografia,Normal,2025-07-03
951,318,Raio-X,Normal,2025-05-21
952,838,Eletrocardiograma,Normal,2024-01-11
953,72,Raio-X,Normal,2024-07-02
954,437,Raio-X,Anormal,2025-01-27
955,931,Eletrocardiograma,Normal,2024-03-15
956,742,Raio-X,Normal,2024-05-04
957,618,Hemograma,Anormal,2025-03-21
958,394,Hemograma,Normal,2024-09-24
959,847,Hemograma,Normal,2024-03-07
960,136,Raio-X,Normal,2025-05-28
961,275,Raio-X,Normal,2024-12-12
962,812,Hemograma,Normal,2024-01-29
963,556,Tomografia,Normal,2024-09-05
964,208,Raio-X,Anormal,2025-06-16
965,778,Eletrocardiograma,Normal,2024-02-16
966,315,Tomografia,Anormal,2024-03-27
967,159,Raio-X,Normal,2025-01-15
968,557,Tomografia,Normal,2024-09-16
969,22,Hemograma,Normal,2024-08-18
970,558,Tomografia,Normal,2023-10-13
971,524,Eletrocardiograma,Normal,2023-09-03
972,2,Raio-X,Normal,2024-04-18
973,233,Eletrocardiograma,Anormal,2025-06-22
974,151,Tomografia,Anormal,2024-06-07
975,232,Eletrocardiograma,Normal,2025-01-21
976,504,Raio-X,Normal,2024-11-18
977,230,Hemograma,Anormal,2024-08-04
978,366,Hemograma,Anormal,2024-02-26
979,122,Tomografia,Normal,2023-09-22
980,918,Hemograma,Normal,2023-12-29
981,183,Eletrocardiograma,Anormal,2025-07-01
982,615,Raio-X,Anormal,2023-11-07
983,154,Tomografia,Anormal,2025-05-07
984,357,Hemograma,Anormal,2024-08-31
985,939,Eletrocardiograma,Anormal,2024-01-19
986,956,Tomografia,Normal,2024-03-16
987,808,Hemograma,Normal,2025-02-19
988,797,Raio-X,Anormal,2024-09-25
989,152,Eletrocardiograma,Anormal,2024-01-03
990,739,Eletrocardiograma,Normal,2023-10-27
991,116,Eletrocardiograma,Anormal,2024-05-08
992,149,Hemograma,Anormal,2025-02-06
993,131,Raio-X,Anormal,2025-04-18
994,362,Tomografia,Anormal,2025-03-27
995,435,Eletrocardiograma,Anormal,2023-11-11
996,617,Tomografia,Normal,2023-08-20
997,822,Raio-X,Anormal,2024-01-22
998,429,Eletrocardiograma,Anormal,2025-01-16
999,546,Raio-X,Anormal,2024-06-29
1000,86,Eletrocardiograma,Normal,2024-12-09
