id_hospital,nome,cidade,estado
1,Hospital Silveira,Moura do Amparo,PA
2,Hospital Mendes,Cavalcanti,DF
3,Hospital da Costa,da Mota,SE
4,Hospital Souza,Peixoto,PB
5,Hospital Cardoso,Costela,AC
6,Hospital Rocha,Lima da Praia,BA
7,Hospital Pires,da Luz da Mata,AC
8,Hospital Costa,Costela,RR
9,Hospital da Conceição,Lima,BA
10,Hospital da Rocha,Cardoso,PA
11,Hospital Correia,Aragão,SP
12,Hospital Rocha,Barbosa do Oeste,AM
13,Hospital Azevedo,Ribeiro,AM
14,Hospital Fernandes,Campos,MA
15,Hospital Alves,Costa,RN
16,Hospital da Rocha,da Mata,RO
17,Hospital Monteiro,Carvalho,BA
18,Hospital Freitas,Moraes da Serra,PE
19,Hospital Duarte,Castro,TO
20,Hospital Alves,da Mota,MA
