id_procedimento,id_paciente,tipo,data_procedimento,hospital_id
1,91,Endoscopia,2025-01-27,19
2,285,Cirurgia cardíaca,2024-11-08,14
3,714,Hernioplastia,2025-04-26,12
4,772,Artroscopia,2024-07-15,18
5,713,Endoscopia,2024-10-22,1
6,757,Cirurgia cardíaca,2024-06-14,19
7,22,Hernioplastia,2024-11-28,7
8,177,Endoscopia,2024-10-28,8
9,756,Cirurgia cardíaca,2024-04-04,6
10,201,Endoscopia,2024-09-16,7
11,136,Hernioplastia,2024-05-21,15
12,63,Artroscopia,2024-07-27,8
13,634,Endoscopia,2025-07-15,2
14,121,Endoscopia,2024-09-29,12
15,643,Hernioplastia,2023-08-02,14
16,158,Cirurgia cardíaca,2024-04-15,6
17,486,Artroscopia,2024-04-13,1
18,176,Hernioplastia,2024-03-28,2
19,546,Endoscopia,2024-04-18,14
20,112,Cirurgia cardíaca,2025-04-22,6
21,217,Cirurgia cardíaca,2024-07-03,5
22,426,Cirurgia cardíaca,2023-11-18,14
23,235,Endoscopia,2024-07-16,9
24,731,Hernioplastia,2025-05-17,15
25,162,Endoscopia,2025-02-19,15
26,436,Endoscopia,2024-08-14,20
27,857,Artroscopia,2024-01-03,9
28,324,Hernioplastia,2024-09-09,20
29,220,Cirurgia cardíaca,2025-01-15,7
30,416,Hernioplastia,2023-12-03,13
31,792,Artroscopia,2024-12-27,3
32,896,Cirurgia cardíaca,2024-05-21,5
33,923,Cirurgia cardíaca,2024-02-07,8
34,755,Cirurgia cardíaca,2024-05-31,18
35,491,Artroscopia,2023-08-18,19
36,730,Endoscopia,2024-12-18,2
37,531,Endoscopia,2025-05-15,18
38,897,Endoscopia,2024-10-09,5
39,247,Cirurgia cardíaca,2023-09-23,17
40,879,Cirurgia cardíaca,2024-11-25,8
41,552,Cirurgia cardíaca,2024-08-04,11
42,538,Cirurgia cardíaca,2024-10-01,9
43,268,Hernioplastia,2024-04-17,18
44,140,Endoscopia,2023-09-26,2
45,438,Artroscopia,2024-01-01,7
46,144,Endoscopia,2025-02-23,3
47,531,Endoscopia,2024-09-07,20
48,453,Cirurgia cardíaca,2024-05-05,14
49,739,Cirurgia cardíaca,2024-03-16,11
50,472,Endoscopia,2024-03-06,9
51,868,Hernioplastia,2025-02-26,1
52,34,Cirurgia cardíaca,2024-03-24,1
53,794,Cirurgia cardíaca,2024-07-08,1
54,86,Hernioplastia,2024-12-28,6
55,776,Cirurgia cardíaca,2024-07-21,3
56,705,Endoscopia,2023-08-15,16
57,976,Cirurgia cardíaca,2023-11-22,15
58,803,Hernioplastia,2024-11-20,2
59,807,Cirurgia cardíaca,2024-10-20,5
60,362,Hernioplastia,2023-11-30,13
61,689,Cirurgia cardíaca,2024-11-19,17
62,662,Hernioplastia,2024-04-22,10
63,268,Endoscopia,2024-10-04,3
64,559,Endoscopia,2024-06-23,20
65,685,Artroscopia,2024-06-10,10
66,503,Cirurgia cardíaca,2025-03-09,5
67,180,Hernioplastia,2023-08-11,17
68,637,Cirurgia cardíaca,2025-02-26,11
69,389,Artroscopia,2024-02-29,2
70,520,Artroscopia,2024-09-28,15
71,27,Cirurgia cardíaca,2025-02-20,20
72,51,Cirurgia cardíaca,2024-08-08,9
73,908,Endoscopia,2024-01-22,13
74,354,Hernioplastia,2024-05-10,3
75,371,Hernioplastia,2025-07-08,17
76,154,Artroscopia,2024-09-13,13
77,577,Cirurgia cardíaca,2023-11-03,8
78,423,Endoscopia,2024-05-12,9
79,524,Endoscopia,2024-11-06,11
80,379,Cirurgia cardíaca,2025-05-13,12
81,318,Endoscopia,2023-10-27,19
82,385,Cirurgia cardíaca,2023-10-07,18
83,732,Cirurgia cardíaca,2024-05-26,16
84,55,Artroscopia,2024-01-09,7
85,247,Artroscopia,2024-01-04,20
86,877,Artroscopia,2023-10-17,20
87,364,Cirurgia cardíaca,2024-10-09,20
88,798,Endoscopia,2024-03-04,5
89,67,Cirurgia cardíaca,2023-12-09,9
90,822,Cirurgia cardíaca,2025-05-25,4
91,887,Artroscopia,2023-11-24,9
92,855,Cirurgia cardíaca,2025-03-10,18
93,938,Cirurgia cardíaca,2025-03-18,9
94,641,Hernioplastia,2025-02-13,6
95,561,Artroscopia,2024-05-30,16
96,902,Endoscopia,2024-09-23,17
97,199,Artroscopia,2024-06-05,7
98,542,Cirurgia cardíaca,2024-04-22,13
99,275,Endoscopia,2025-02-26,5
100,690,Cirurgia cardíaca,2024-01-09,5
101,714,Artroscopia,2024-06-12,20
102,695,Hernioplastia,2025-06-22,6
103,535,Hernioplastia,2024-10-31,14
104,305,Endoscopia,2024-02-25,1
105,249,Artroscopia,2024-03-28,5
106,378,Artroscopia,2025-03-13,7
107,107,Hernioplastia,2024-05-01,9
108,85,Artroscopia,2024-11-24,2
109,842,Artroscopia,2023-10-14,10
110,969,Artroscopia,2024-12-20,6
111,364,Hernioplastia,2025-06-10,10
112,888,Cirurgia cardíaca,2025-01-07,6
113,413,Endoscopia,2024-11-26,12
114,349,Endoscopia,2025-03-06,10
115,197,Cirurgia cardíaca,2024-11-29,3
116,482,Artroscopia,2024-03-26,10
117,422,Hernioplastia,2024-08-17,10
118,526,Cirurgia cardíaca,2024-09-12,8
119,749,Cirurgia cardíaca,2024-09-09,12
120,248,Endoscopia,2024-05-23,9
121,340,Endoscopia,2024-01-14,15
122,625,Cirurgia cardíaca,2025-05-21,11
123,39,Hernioplastia,2024-06-01,2
124,874,Hernioplastia,2024-08-11,8
125,210,Endoscopia,2025-03-02,7
126,994,Hernioplastia,2024-07-18,7
127,849,Hernioplastia,2024-03-02,19
128,323,Cirurgia cardíaca,2025-04-25,13
129,746,Endoscopia,2025-07-11,5
130,826,Cirurgia cardíaca,2024-07-07,3
131,97,Artroscopia,2023-11-22,17
132,478,Cirurgia cardíaca,2025-07-10,18
133,50,Endoscopia,2025-06-01,8
134,608,Cirurgia cardíaca,2023-12-08,7
135,505,Endoscopia,2024-05-29,5
136,415,Hernioplastia,2024-03-04,8
137,41,Artroscopia,2023-07-26,2
138,741,Cirurgia cardíaca,2024-09-09,3
139,941,Artroscopia,2025-04-28,11
140,399,Cirurgia cardíaca,2024-04-08,15
141,984,Artroscopia,2025-03-07,18
142,738,Cirurgia cardíaca,2024-07-18,1
143,934,Endoscopia,2024-12-14,7
144,841,Cirurgia cardíaca,2023-12-04,1
145,601,Cirurgia cardíaca,2025-01-04,11
146,798,Artroscopia,2025-06-27,4
147,563,Endoscopia,2023-10-08,20
148,537,Cirurgia cardíaca,2024-05-16,8
149,705,Artroscopia,2024-10-16,11
150,484,Artroscopia,2024-12-12,9
151,747,Hernioplastia,2024-06-12,20
152,123,Artroscopia,2024-06-12,1
153,904,Endoscopia,2024-06-06,13
154,377,Hernioplastia,2023-12-17,5
155,908,Cirurgia cardíaca,2024-11-29,3
156,319,Cirurgia cardíaca,2023-08-15,4
157,892,Hernioplastia,2024-11-15,4
158,553,Hernioplastia,2024-01-14,8
159,237,Artroscopia,2023-11-08,17
160,489,Hernioplastia,2024-11-08,1
161,601,Endoscopia,2024-11-16,14
162,200,Endoscopia,2024-08-17,6
163,965,Endoscopia,2023-09-24,20
164,617,Endoscopia,2024-10-31,3
165,246,Artroscopia,2024-10-09,9
166,344,Hernioplastia,2025-02-11,14
167,79,Cirurgia cardíaca,2024-06-05,9
168,957,Cirurgia cardíaca,2023-08-10,10
169,134,Artroscopia,2024-04-01,2
170,850,Hernioplastia,2024-11-08,1
171,797,Hernioplastia,2024-02-03,8
172,505,Artroscopia,2023-11-30,14
173,446,Cirurgia cardíaca,2024-10-08,17
174,711,Cirurgia cardíaca,2024-11-20,4
175,765,Endoscopia,2024-07-24,14
176,800,Cirurgia cardíaca,2025-01-05,2
177,967,Endoscopia,2023-10-02,2
178,533,Endoscopia,2024-05-06,12
179,400,Artroscopia,2023-08-10,20
180,91,Cirurgia cardíaca,2025-02-20,13
181,158,Artroscopia,2024-11-02,3
182,329,Endoscopia,2025-06-09,4
183,976,Endoscopia,2025-03-28,7
184,261,Hernioplastia,2024-12-13,12
185,54,Artroscopia,2024-05-21,17
186,564,Endoscopia,2024-09-24,14
187,586,Cirurgia cardíaca,2024-08-24,16
188,642,Artroscopia,2025-05-24,14
189,782,Endoscopia,2023-12-20,20
190,216,Hernioplastia,2025-05-14,10
191,768,Cirurgia cardíaca,2025-07-02,4
192,248,Hernioplastia,2023-11-26,18
193,6,Artroscopia,2024-07-13,7
194,351,Hernioplastia,2024-05-05,8
195,489,Endoscopia,2025-02-04,14
196,48,Endoscopia,2025-06-02,8
197,661,Hernioplastia,2024-01-25,20
198,742,Cirurgia cardíaca,2023-12-07,2
199,105,Hernioplastia,2024-07-24,15
200,708,Cirurgia cardíaca,2025-07-20,20
201,842,Cirurgia cardíaca,2025-01-27,17
202,378,Cirurgia cardíaca,2025-07-08,10
203,293,Endoscopia,2023-12-26,1
204,732,Artroscopia,2024-03-30,9
205,597,Endoscopia,2023-11-04,13
206,775,Artroscopia,2024-03-07,20
207,587,Artroscopia,2023-09-12,10
208,851,Artroscopia,2025-06-17,3
209,911,Hernioplastia,2023-08-16,5
210,549,Hernioplastia,2023-12-31,19
211,394,Endoscopia,2024-10-14,5
212,339,Cirurgia cardíaca,2024-07-16,10
213,22,Hernioplastia,2024-07-14,19
214,634,Endoscopia,2024-01-30,6
215,912,Endoscopia,2025-01-05,4
216,190,Endoscopia,2024-11-03,10
217,800,Endoscopia,2024-07-02,14
218,414,Cirurgia cardíaca,2024-01-27,14
219,638,Cirurgia cardíaca,2025-04-02,18
220,485,Endoscopia,2023-12-08,13
221,656,Cirurgia cardíaca,2024-07-16,15
222,783,Artroscopia,2024-08-15,1
223,658,Artroscopia,2024-12-03,6
224,768,Endoscopia,2023-10-18,10
225,576,Endoscopia,2025-04-08,17
226,622,Endoscopia,2024-11-04,11
227,687,Hernioplastia,2025-05-04,8
228,921,Endoscopia,2024-04-06,18
229,776,Cirurgia cardíaca,2025-05-31,10
230,848,Cirurgia cardíaca,2025-07-07,12
231,984,Artroscopia,2025-06-28,4
232,146,Artroscopia,2023-11-24,11
233,31,Endoscopia,2024-01-30,13
234,605,Hernioplastia,2024-07-17,18
235,693,Endoscopia,2025-02-03,14
236,677,Hernioplastia,2023-09-16,3
237,803,Artroscopia,2023-07-29,19
238,388,Hernioplastia,2025-02-24,14
239,646,Cirurgia cardíaca,2023-08-18,7
240,16,Artroscopia,2025-01-03,14
241,101,Endoscopia,2024-12-30,7
242,827,Hernioplastia,2024-06-03,19
243,345,Cirurgia cardíaca,2025-05-27,9
244,864,Endoscopia,2024-08-30,9
245,409,Endoscopia,2024-07-23,8
246,602,Hernioplastia,2025-05-23,17
247,279,Cirurgia cardíaca,2024-05-18,1
248,853,Endoscopia,2023-09-16,16
249,771,Endoscopia,2025-03-23,1
250,7,Artroscopia,2024-06-11,20
251,401,Artroscopia,2024-02-10,3
252,57,Cirurgia cardíaca,2025-06-09,13
253,516,Endoscopia,2025-01-30,3
254,84,Endoscopia,2024-09-13,20
255,343,Cirurgia cardíaca,2023-10-25,2
256,969,Cirurgia cardíaca,2025-01-29,13
257,541,Cirurgia cardíaca,2025-03-18,20
258,664,Hernioplastia,2024-11-06,3
259,301,Cirurgia cardíaca,2024-12-07,11
260,56,Artroscopia,2024-09-10,14
261,793,Endoscopia,2025-01-29,17
262,201,Artroscopia,2023-08-11,14
263,643,Endoscopia,2024-06-28,2
264,748,Hernioplastia,2024-07-31,8
265,653,Hernioplastia,2025-04-26,9
266,18,Artroscopia,2025-02-06,15
267,454,Hernioplastia,2023-09-08,13
268,167,Cirurgia cardíaca,2024-03-07,15
269,907,Endoscopia,2025-04-14,13
270,782,Artroscopia,2024-05-28,5
271,611,Endoscopia,2025-04-27,12
272,20,Cirurgia cardíaca,2025-04-22,16
273,743,Artroscopia,2025-02-06,13
274,946,Cirurgia cardíaca,2025-03-12,6
275,579,Cirurgia cardíaca,2023-08-23,9
276,24,Artroscopia,2024-05-01,17
277,691,Hernioplastia,2024-05-29,3
278,994,Endoscopia,2025-01-30,7
279,208,Artroscopia,2025-07-13,8
280,92,Endoscopia,2024-08-24,11
281,367,Endoscopia,2024-11-23,7
282,354,Artroscopia,2024-12-09,4
283,479,Cirurgia cardíaca,2024-06-29,15
284,11,Endoscopia,2024-06-20,6
285,695,Cirurgia cardíaca,2025-03-26,3
286,618,Endoscopia,2023-10-28,1
287,389,Cirurgia cardíaca,2023-10-12,8
288,769,Artroscopia,2023-11-14,8
289,845,Hernioplastia,2025-05-11,5
290,479,Artroscopia,2024-02-12,18
291,588,Hernioplastia,2025-03-03,13
292,125,Endoscopia,2025-04-24,7
293,459,Cirurgia cardíaca,2024-10-16,18
294,304,Hernioplastia,2025-02-28,9
295,607,Cirurgia cardíaca,2025-03-29,6
296,886,Hernioplastia,2023-10-18,2
297,145,Artroscopia,2025-02-03,10
298,523,Cirurgia cardíaca,2023-12-02,4
299,442,Hernioplastia,2024-05-03,10
300,55,Endoscopia,2024-06-08,15
301,210,Hernioplastia,2024-12-14,4
302,408,Artroscopia,2024-04-12,18
303,111,Endoscopia,2023-11-11,15
304,759,Artroscopia,2025-07-02,17
305,175,Endoscopia,2024-01-28,3
306,15,Endoscopia,2025-04-01,3
307,900,Artroscopia,2024-08-01,19
308,550,Endoscopia,2024-01-03,4
309,644,Endoscopia,2024-02-14,9
310,532,Artroscopia,2023-10-07,6
311,587,Hernioplastia,2024-04-05,16
312,804,Artroscopia,2024-12-03,8
313,777,Artroscopia,2025-01-12,8
314,896,Endoscopia,2023-09-19,4
315,869,Endoscopia,2024-07-13,18
316,698,Hernioplastia,2025-06-21,14
317,30,Hernioplastia,2025-01-24,8
318,587,Artroscopia,2024-08-08,1
319,505,Artroscopia,2025-02-27,13
320,698,Cirurgia cardíaca,2024-01-30,15
321,490,Cirurgia cardíaca,2025-03-02,13
322,882,Artroscopia,2024-02-10,8
323,922,Artroscopia,2024-04-14,17
324,799,Endoscopia,2024-03-09,1
325,374,Cirurgia cardíaca,2025-01-09,13
326,554,Endoscopia,2024-07-03,3
327,675,Endoscopia,2024-04-05,6
328,230,Hernioplastia,2025-03-26,11
329,691,Endoscopia,2024-07-07,3
330,403,Hernioplastia,2025-01-17,1
331,796,Hernioplastia,2024-02-09,18
332,459,Cirurgia cardíaca,2024-10-07,9
333,415,Endoscopia,2024-02-22,3
334,536,Endoscopia,2024-10-27,3
335,585,Endoscopia,2023-08-20,11
336,582,Artroscopia,2025-03-06,15
337,774,Cirurgia cardíaca,2023-11-09,18
338,605,Hernioplastia,2023-11-15,8
339,441,Hernioplastia,2024-09-01,18
340,889,Cirurgia cardíaca,2024-03-04,6
341,130,Cirurgia cardíaca,2023-08-13,11
342,818,Cirurgia cardíaca,2024-01-11,20
343,709,Endoscopia,2025-06-06,18
344,444,Hernioplastia,2024-05-07,17
345,993,Hernioplastia,2024-10-03,5
346,306,Hernioplastia,2024-04-30,20
347,525,Cirurgia cardíaca,2025-01-28,3
348,291,Hernioplastia,2024-03-06,15
349,642,Artroscopia,2024-03-18,2
350,712,Artroscopia,2025-01-30,3
351,366,Endoscopia,2023-11-23,8
352,917,Artroscopia,2024-10-06,15
353,400,Artroscopia,2024-11-27,7
354,553,Endoscopia,2024-03-16,1
355,957,Artroscopia,2024-07-27,9
356,390,Cirurgia cardíaca,2025-01-27,20
357,66,Artroscopia,2024-06-29,16
358,626,Artroscopia,2024-12-27,13
359,555,Endoscopia,2024-03-09,20
360,589,Artroscopia,2023-11-20,17
361,510,Endoscopia,2025-02-20,5
362,328,Endoscopia,2025-04-09,16
363,768,Cirurgia cardíaca,2025-01-13,18
364,326,Cirurgia cardíaca,2023-10-31,13
365,659,Endoscopia,2023-11-14,8
366,378,Cirurgia cardíaca,2024-11-06,9
367,905,Cirurgia cardíaca,2024-03-07,12
368,774,Artroscopia,2025-05-21,13
369,746,Hernioplastia,2024-05-17,15
370,583,Cirurgia cardíaca,2024-02-08,1
371,690,Cirurgia cardíaca,2024-11-29,6
372,287,Endoscopia,2024-01-17,11
373,873,Hernioplastia,2023-08-14,9
374,258,Endoscopia,2025-05-14,17
375,403,Artroscopia,2024-01-04,19
376,404,Endoscopia,2024-10-19,5
377,362,Hernioplastia,2024-03-15,6
378,654,Endoscopia,2023-11-16,5
379,700,Hernioplastia,2024-10-19,13
380,851,Endoscopia,2023-08-02,7
381,560,Cirurgia cardíaca,2024-02-10,11
382,415,Endoscopia,2024-05-01,9
383,82,Hernioplastia,2025-02-03,6
384,546,Hernioplastia,2024-08-22,16
385,183,Hernioplastia,2025-02-22,13
386,172,Endoscopia,2025-05-29,13
387,969,Endoscopia,2024-08-28,8
388,352,Hernioplastia,2024-06-03,4
389,229,Cirurgia cardíaca,2024-07-28,18
390,728,Artroscopia,2024-11-15,12
391,375,Cirurgia cardíaca,2025-06-22,16
392,532,Hernioplastia,2023-12-03,13
393,973,Hernioplastia,2024-04-16,1
394,625,Hernioplastia,2024-12-05,16
395,792,Hernioplastia,2023-11-22,9
396,230,Cirurgia cardíaca,2024-10-22,7
397,314,Cirurgia cardíaca,2025-05-16,17
398,845,Cirurgia cardíaca,2024-08-16,4
399,936,Artroscopia,2024-03-24,20
400,496,Endoscopia,2024-09-02,2
401,204,Hernioplastia,2024-05-09,19
402,242,Hernioplastia,2024-05-12,2
403,89,Hernioplastia,2025-05-26,7
404,404,Hernioplastia,2025-07-12,3
405,334,Hernioplastia,2024-08-03,15
406,111,Hernioplastia,2024-12-08,11
407,208,Cirurgia cardíaca,2023-12-02,7
408,747,Endoscopia,2025-05-30,12
409,635,Endoscopia,2024-09-03,14
410,488,Cirurgia cardíaca,2024-08-01,8
411,818,Artroscopia,2023-12-07,15
412,872,Hernioplastia,2024-08-02,2
413,17,Hernioplastia,2025-06-19,5
414,714,Cirurgia cardíaca,2024-05-14,10
415,974,Cirurgia cardíaca,2023-08-04,2
416,795,Hernioplastia,2024-12-24,6
417,468,Artroscopia,2023-09-12,20
418,542,Cirurgia cardíaca,2024-04-14,19
419,537,Artroscopia,2024-01-14,18
420,62,Endoscopia,2024-03-20,16
421,7,Hernioplastia,2023-12-31,12
422,133,Endoscopia,2024-01-14,17
423,540,Hernioplastia,2023-11-17,13
424,167,Endoscopia,2024-02-25,11
425,571,Artroscopia,2024-11-07,14
426,60,Hernioplastia,2025-03-19,19
427,519,Artroscopia,2025-02-09,15
428,552,Artroscopia,2025-03-28,9
429,306,Endoscopia,2023-10-24,5
430,505,Hernioplastia,2024-12-09,17
431,346,Hernioplastia,2023-12-23,18
432,648,Hernioplastia,2024-04-25,19
433,433,Hernioplastia,2024-08-14,11
434,807,Hernioplastia,2024-07-14,6
435,515,Endoscopia,2024-10-08,10
436,981,Cirurgia cardíaca,2025-07-01,3
437,832,Artroscopia,2024-12-01,11
438,27,Endoscopia,2025-06-26,1
439,904,Cirurgia cardíaca,2023-08-02,2
440,160,Hernioplastia,2025-05-06,12
441,655,Endoscopia,2025-02-22,19
442,663,Endoscopia,2025-05-10,3
443,982,Endoscopia,2025-04-20,5
444,659,Cirurgia cardíaca,2025-03-23,11
445,890,Hernioplastia,2025-03-26,3
446,214,Cirurgia cardíaca,2024-09-03,11
447,349,Artroscopia,2025-06-20,2
448,535,Endoscopia,2024-01-17,14
449,569,Endoscopia,2025-02-18,4
450,291,Hernioplastia,2023-12-28,10
451,872,Artroscopia,2024-05-01,13
452,601,Artroscopia,2024-12-20,5
453,512,Endoscopia,2023-08-18,14
454,460,Artroscopia,2024-05-28,10
455,659,Artroscopia,2024-11-21,5
456,765,Cirurgia cardíaca,2023-10-08,5
457,376,Endoscopia,2024-04-04,12
458,295,Endoscopia,2024-08-21,3
459,539,Endoscopia,2023-09-14,6
460,725,Cirurgia cardíaca,2024-02-19,5
461,195,Cirurgia cardíaca,2024-09-25,5
462,205,Endoscopia,2024-09-11,1
463,642,Hernioplastia,2025-05-11,20
464,95,Cirurgia cardíaca,2025-02-18,13
465,757,Cirurgia cardíaca,2024-09-13,3
466,533,Endoscopia,2025-05-31,14
467,269,Artroscopia,2023-09-23,6
468,209,Artroscopia,2025-04-03,12
469,25,Endoscopia,2023-09-05,16
470,414,Cirurgia cardíaca,2024-07-04,15
471,182,Endoscopia,2024-10-06,12
472,492,Artroscopia,2024-09-02,11
473,267,Hernioplastia,2024-02-01,18
474,643,Hernioplastia,2024-01-30,16
475,139,Artroscopia,2024-02-07,5
476,884,Cirurgia cardíaca,2025-04-03,11
477,146,Cirurgia cardíaca,2025-02-17,17
478,837,Artroscopia,2023-12-12,13
479,922,Endoscopia,2025-01-09,4
480,402,Cirurgia cardíaca,2025-07-20,18
481,890,Endoscopia,2024-12-10,15
482,984,Cirurgia cardíaca,2025-05-20,16
483,180,Cirurgia cardíaca,2024-01-30,15
484,704,Endoscopia,2024-01-17,7
485,454,Endoscopia,2025-01-09,19
486,672,Endoscopia,2025-01-31,1
487,334,Endoscopia,2024-07-12,6
488,159,Endoscopia,2023-12-08,14
489,903,Endoscopia,2023-08-24,4
490,751,Artroscopia,2024-11-08,11
491,674,Cirurgia cardíaca,2024-02-15,10
492,242,Endoscopia,2024-09-24,8
493,919,Endoscopia,2024-02-24,11
494,669,Hernioplastia,2023-10-02,8
495,809,Endoscopia,2025-02-20,11
496,570,Hernioplastia,2023-12-18,9
497,428,Cirurgia cardíaca,2025-02-12,16
498,743,Artroscopia,2025-04-29,16
499,225,Endoscopia,2025-07-05,13
500,297,Endoscopia,2023-09-11,1
501,585,Hernioplastia,2025-06-26,9
502,887,Hernioplastia,2025-06-24,19
503,831,Artroscopia,2023-11-03,20
504,733,Cirurgia cardíaca,2024-09-01,6
505,915,Artroscopia,2024-03-15,20
506,845,Artroscopia,2023-09-09,1
507,192,Endoscopia,2024-01-01,15
508,72,Endoscopia,2024-01-16,2
509,340,Endoscopia,2024-01-29,20
510,480,Artroscopia,2024-10-20,4
511,220,Artroscopia,2025-03-06,11
512,142,Endoscopia,2024-10-17,5
513,153,Cirurgia cardíaca,2024-07-28,4
514,138,Hernioplastia,2024-07-18,13
515,747,Cirurgia cardíaca,2023-10-08,18
516,193,Endoscopia,2024-09-13,2
517,905,Cirurgia cardíaca,2025-06-07,9
518,780,Artroscopia,2025-03-21,20
519,831,Artroscopia,2023-09-01,17
520,516,Artroscopia,2024-03-27,12
521,701,Endoscopia,2025-03-28,12
522,684,Hernioplastia,2024-11-27,6
523,243,Artroscopia,2023-09-18,2
524,818,Cirurgia cardíaca,2023-12-23,7
525,18,Hernioplastia,2024-07-29,10
526,242,Artroscopia,2023-10-22,3
527,835,Hernioplastia,2024-07-01,4
528,472,Cirurgia cardíaca,2023-09-26,12
529,856,Endoscopia,2024-07-27,7
530,893,Cirurgia cardíaca,2023-12-24,1
531,798,Endoscopia,2023-10-09,19
532,172,Hernioplastia,2024-09-17,1
533,95,Hernioplastia,2024-10-23,7
534,490,Hernioplastia,2024-01-06,17
535,198,Cirurgia cardíaca,2024-10-30,20
536,844,Endoscopia,2024-08-05,1
537,591,Artroscopia,2024-03-12,16
538,85,Endoscopia,2024-10-08,19
539,512,Cirurgia cardíaca,2023-07-31,20
540,991,Cirurgia cardíaca,2024-10-17,5
541,408,Cirurgia cardíaca,2024-06-21,5
542,750,Endoscopia,2025-05-22,4
543,213,Endoscopia,2025-06-25,4
544,888,Artroscopia,2023-10-18,14
545,478,Endoscopia,2025-02-02,2
546,118,Cirurgia cardíaca,2025-06-11,4
547,116,Artroscopia,2024-07-01,13
548,108,Endoscopia,2025-03-18,6
549,43,Cirurgia cardíaca,2024-12-04,20
550,739,Cirurgia cardíaca,2023-12-22,15
551,140,Hernioplastia,2024-10-23,17
552,779,Artroscopia,2025-04-09,8
553,203,Endoscopia,2024-11-28,2
554,301,Endoscopia,2024-11-12,14
555,390,Hernioplastia,2025-03-01,7
556,550,Cirurgia cardíaca,2024-07-12,6
557,467,Hernioplastia,2023-07-24,17
558,107,Endoscopia,2024-02-04,10
559,181,Cirurgia cardíaca,2025-03-01,3
560,292,Cirurgia cardíaca,2024-06-04,18
561,700,Artroscopia,2024-11-02,17
562,144,Hernioplastia,2024-02-19,1
563,591,Hernioplastia,2024-08-09,5
564,154,Hernioplastia,2024-11-25,13
565,132,Cirurgia cardíaca,2023-12-08,19
566,199,Hernioplastia,2024-04-04,12
567,739,Artroscopia,2024-08-21,3
568,830,Cirurgia cardíaca,2024-08-02,7
569,733,Hernioplastia,2024-08-26,5
570,798,Artroscopia,2024-02-29,1
571,795,Cirurgia cardíaca,2024-12-06,8
572,993,Artroscopia,2024-03-12,4
573,146,Hernioplastia,2024-02-14,7
574,435,Hernioplastia,2025-05-27,18
575,335,Hernioplastia,2024-09-09,13
576,315,Endoscopia,2024-02-02,7
577,867,Cirurgia cardíaca,2024-04-13,9
578,965,Cirurgia cardíaca,2024-02-22,5
579,27,Endoscopia,2024-12-31,16
580,953,Cirurgia cardíaca,2024-10-01,14
581,127,Hernioplastia,2024-08-17,20
582,166,Artroscopia,2024-03-19,8
583,571,Artroscopia,2024-11-21,9
584,62,Endoscopia,2024-06-29,20
585,635,Cirurgia cardíaca,2023-10-18,15
586,737,Cirurgia cardíaca,2025-03-02,14
587,437,Cirurgia cardíaca,2023-12-12,14
588,234,Endoscopia,2024-08-05,5
589,881,Hernioplastia,2023-07-29,17
590,666,Cirurgia cardíaca,2024-03-27,11
591,328,Hernioplastia,2025-06-16,6
592,848,Cirurgia cardíaca,2024-08-22,8
593,719,Hernioplastia,2024-07-23,2
594,256,Cirurgia cardíaca,2024-08-12,4
595,18,Hernioplastia,2023-11-27,13
596,980,Artroscopia,2023-12-09,19
597,937,Artroscopia,2023-09-12,12
598,434,Hernioplastia,2025-03-05,20
599,67,Hernioplastia,2024-06-23,15
600,605,Hernioplastia,2024-12-27,12
601,292,Artroscopia,2024-03-16,6
602,969,Endoscopia,2023-10-05,9
603,492,Cirurgia cardíaca,2025-07-11,5
604,857,Hernioplastia,2025-05-23,15
605,445,Cirurgia cardíaca,2024-07-02,4
606,46,Cirurgia cardíaca,2024-04-14,4
607,817,Cirurgia cardíaca,2024-11-30,2
608,213,Cirurgia cardíaca,2025-01-07,14
609,568,Endoscopia,2024-09-14,4
610,461,Artroscopia,2025-04-22,9
611,782,Cirurgia cardíaca,2023-12-12,16
612,166,Artroscopia,2023-12-21,17
613,44,Cirurgia cardíaca,2025-03-19,17
614,100,Hernioplastia,2023-10-16,15
615,110,Endoscopia,2025-03-07,19
616,32,Cirurgia cardíaca,2024-01-20,11
617,722,Cirurgia cardíaca,2024-01-05,15
618,87,Endoscopia,2024-03-18,17
619,44,Artroscopia,2024-08-16,15
620,105,Endoscopia,2024-03-17,2
621,474,Endoscopia,2024-03-28,11
622,82,Cirurgia cardíaca,2025-03-10,10
623,370,Hernioplastia,2024-09-07,16
624,308,Endoscopia,2024-07-24,13
625,180,Cirurgia cardíaca,2023-10-11,7
626,26,Cirurgia cardíaca,2025-01-05,19
627,446,Endoscopia,2024-03-13,12
628,545,Hernioplastia,2025-07-13,15
629,437,Artroscopia,2024-11-08,20
630,260,Artroscopia,2024-01-03,1
631,210,Cirurgia cardíaca,2024-10-09,18
632,6,Hernioplastia,2024-12-26,7
633,688,Endoscopia,2023-11-21,20
634,413,Endoscopia,2024-03-31,15
635,945,Hernioplastia,2023-11-22,14
636,911,Artroscopia,2023-12-20,14
637,843,Endoscopia,2025-03-10,3
638,362,Cirurgia cardíaca,2024-05-26,17
639,247,Endoscopia,2025-03-25,16
640,20,Cirurgia cardíaca,2023-12-04,2
641,273,Artroscopia,2025-05-16,14
642,436,Cirurgia cardíaca,2023-11-23,10
643,989,Hernioplastia,2024-11-08,19
644,26,Cirurgia cardíaca,2024-12-19,4
645,52,Artroscopia,2023-11-23,19
646,498,Artroscopia,2024-04-01,4
647,936,Hernioplastia,2024-08-28,2
648,21,Hernioplastia,2024-07-25,19
649,242,Cirurgia cardíaca,2024-12-12,19
650,776,Hernioplastia,2024-10-28,19
651,4,Hernioplastia,2025-03-27,8
652,684,Cirurgia cardíaca,2024-06-11,11
653,804,Endoscopia,2025-03-20,2
654,262,Cirurgia cardíaca,2025-02-07,19
655,305,Artroscopia,2024-02-18,13
656,803,Artroscopia,2024-01-17,8
657,664,Cirurgia cardíaca,2025-07-17,7
658,475,Artroscopia,2024-02-13,4
659,834,Artroscopia,2024-07-24,13
660,618,Hernioplastia,2025-07-18,4
661,421,Artroscopia,2025-05-19,4
662,153,Endoscopia,2025-05-02,16
663,294,Cirurgia cardíaca,2024-03-15,16
664,492,Hernioplastia,2024-05-07,8
665,239,Endoscopia,2023-11-13,11
666,448,Endoscopia,2024-03-17,7
667,755,Hernioplastia,2024-04-08,19
668,583,Cirurgia cardíaca,2025-02-07,20
669,457,Cirurgia cardíaca,2024-04-23,3
670,729,Hernioplastia,2025-04-28,6
671,905,Artroscopia,2025-02-21,5
672,27,Endoscopia,2024-03-24,15
673,53,Artroscopia,2024-07-07,18
674,865,Endoscopia,2024-03-19,4
675,92,Artroscopia,2024-06-18,2
676,862,Endoscopia,2024-10-03,1
677,646,Hernioplastia,2024-05-24,4
678,871,Cirurgia cardíaca,2025-03-07,8
679,379,Artroscopia,2024-06-11,5
680,919,Cirurgia cardíaca,2023-07-28,3
681,1000,Artroscopia,2025-03-07,1
682,749,Hernioplastia,2025-07-23,17
683,32,Cirurgia cardíaca,2024-06-01,18
684,951,Artroscopia,2023-09-04,9
685,312,Endoscopia,2024-06-05,6
686,777,Cirurgia cardíaca,2024-04-23,15
687,970,Hernioplastia,2024-12-06,17
688,526,Endoscopia,2025-04-09,19
689,451,Hernioplastia,2023-11-09,15
690,955,Cirurgia cardíaca,2024-07-12,18
691,177,Cirurgia cardíaca,2025-03-10,1
692,266,Cirurgia cardíaca,2024-02-21,14
693,486,Hernioplastia,2023-08-08,16
694,683,Cirurgia cardíaca,2025-04-19,6
695,863,Endoscopia,2025-01-21,13
696,577,Cirurgia cardíaca,2023-12-28,10
697,610,Artroscopia,2024-01-02,3
698,783,Cirurgia cardíaca,2024-12-19,6
699,524,Artroscopia,2025-01-30,19
700,277,Endoscopia,2024-02-07,20
701,687,Artroscopia,2024-03-08,18
702,926,Endoscopia,2025-04-30,15
703,744,Artroscopia,2024-05-09,19
704,966,Artroscopia,2023-08-11,2
705,274,Cirurgia cardíaca,2024-03-29,19
706,364,Endoscopia,2024-06-20,4
707,265,Cirurgia cardíaca,2025-03-29,19
708,434,Cirurgia cardíaca,2024-05-16,12
709,438,Cirurgia cardíaca,2024-04-01,16
710,922,Endoscopia,2024-09-29,6
711,500,Hernioplastia,2024-09-30,18
712,572,Endoscopia,2025-02-17,11
713,741,Artroscopia,2023-12-25,12
714,110,Artroscopia,2025-04-03,19
715,818,Artroscopia,2024-01-06,6
716,300,Cirurgia cardíaca,2024-11-14,20
717,949,Artroscopia,2024-08-17,10
718,856,Artroscopia,2024-06-29,13
719,560,Endoscopia,2025-05-19,9
720,959,Artroscopia,2024-02-21,1
721,273,Artroscopia,2023-10-14,17
722,320,Endoscopia,2023-09-19,3
723,455,Cirurgia cardíaca,2024-01-28,5
724,575,Hernioplastia,2023-11-25,4
725,396,Endoscopia,2024-04-01,6
726,956,Hernioplastia,2025-02-04,19
727,779,Endoscopia,2024-07-30,14
728,282,Endoscopia,2025-02-03,1
729,515,Endoscopia,2024-10-26,9
730,548,Artroscopia,2024-07-22,18
731,714,Endoscopia,2023-08-28,20
732,43,Artroscopia,2025-03-21,5
733,265,Artroscopia,2024-12-17,16
734,155,Artroscopia,2024-05-21,20
735,590,Cirurgia cardíaca,2025-01-08,14
736,23,Cirurgia cardíaca,2025-06-28,3
737,308,Cirurgia cardíaca,2025-01-22,7
738,850,Cirurgia cardíaca,2024-08-05,19
739,918,Endoscopia,2024-02-03,12
740,678,Endoscopia,2024-02-26,7
741,732,Artroscopia,2024-11-06,4
742,239,Endoscopia,2024-10-21,16
743,737,Artroscopia,2024-05-10,1
744,350,Endoscopia,2023-09-08,8
745,45,Hernioplastia,2023-10-10,11
746,570,Cirurgia cardíaca,2023-09-05,13
747,341,Cirurgia cardíaca,2024-12-01,6
748,369,Hernioplastia,2024-04-15,10
749,508,Endoscopia,2024-02-23,9
750,128,Cirurgia cardíaca,2024-09-13,14
751,326,Cirurgia cardíaca,2024-05-05,7
752,714,Hernioplastia,2024-06-28,9
753,29,Artroscopia,2025-07-10,13
754,866,Cirurgia cardíaca,2024-02-29,16
755,774,Artroscopia,2023-10-18,3
756,791,Endoscopia,2024-07-24,9
757,609,Cirurgia cardíaca,2023-11-05,18
758,555,Cirurgia cardíaca,2025-06-07,13
759,473,Endoscopia,2025-02-25,4
760,279,Cirurgia cardíaca,2023-09-19,15
761,278,Artroscopia,2024-04-01,17
762,869,Cirurgia cardíaca,2025-03-17,8
763,860,Hernioplastia,2025-02-11,20
764,190,Artroscopia,2024-06-09,13
765,970,Hernioplastia,2025-04-24,18
766,433,Endoscopia,2023-11-18,19
767,406,Artroscopia,2025-06-01,10
768,953,Artroscopia,2023-11-17,19
769,320,Cirurgia cardíaca,2024-10-24,11
770,349,Hernioplastia,2024-03-12,11
771,823,Cirurgia cardíaca,2024-10-11,4
772,128,Endoscopia,2023-12-26,20
773,696,Endoscopia,2024-10-02,2
774,866,Artroscopia,2023-09-30,12
775,253,Artroscopia,2024-06-28,2
776,360,Cirurgia cardíaca,2024-01-30,3
777,486,Cirurgia cardíaca,2024-04-03,14
778,700,Cirurgia cardíaca,2024-10-10,8
779,853,Artroscopia,2024-09-20,7
780,432,Hernioplastia,2025-03-07,8
781,421,Endoscopia,2024-12-18,4
782,528,Hernioplastia,2024-02-11,11
783,382,Cirurgia cardíaca,2024-09-28,13
784,498,Cirurgia cardíaca,2024-09-08,2
785,26,Hernioplastia,2025-04-18,5
786,306,Hernioplastia,2024-03-06,6
787,49,Hernioplastia,2025-01-09,13
788,385,Hernioplastia,2023-08-09,18
789,629,Artroscopia,2023-11-10,14
790,510,Artroscopia,2025-03-14,2
791,335,Artroscopia,2025-03-13,9
792,166,Cirurgia cardíaca,2023-09-14,10
793,323,Artroscopia,2025-05-30,12
794,502,Artroscopia,2025-03-25,11
795,551,Cirurgia cardíaca,2025-01-17,19
796,462,Hernioplastia,2025-01-26,11
797,988,Endoscopia,2025-02-17,7
798,801,Cirurgia cardíaca,2024-03-23,14
799,134,Endoscopia,2025-05-16,12
800,265,Artroscopia,2024-04-29,13
801,803,Endoscopia,2025-06-26,6
802,789,Artroscopia,2025-03-15,11
803,718,Hernioplastia,2024-07-04,2
804,112,Artroscopia,2025-02-23,11
805,619,Hernioplastia,2025-06-10,8
806,948,Cirurgia cardíaca,2024-01-06,1
807,712,Artroscopia,2023-12-14,6
808,877,Endoscopia,2024-03-29,4
809,180,Endoscopia,2024-07-21,10
810,186,Artroscopia,2024-01-16,14
811,988,Artroscopia,2024-07-15,16
812,319,Artroscopia,2024-04-30,5
813,783,Hernioplastia,2024-04-07,20
814,69,Artroscopia,2023-12-25,1
815,107,Cirurgia cardíaca,2024-12-31,6
816,288,Cirurgia cardíaca,2025-01-20,3
817,382,Hernioplastia,2024-02-10,18
818,817,Artroscopia,2024-02-07,2
819,7,Cirurgia cardíaca,2024-11-03,4
820,486,Artroscopia,2025-02-23,16
821,729,Artroscopia,2025-07-17,18
822,131,Endoscopia,2023-08-10,3
823,178,Hernioplastia,2023-11-09,15
824,954,Cirurgia cardíaca,2023-10-24,9
825,457,Endoscopia,2024-12-03,14
826,812,Hernioplastia,2024-06-07,6
827,654,Artroscopia,2024-06-19,3
828,151,Cirurgia cardíaca,2024-05-26,6
829,55,Endoscopia,2025-04-10,17
830,258,Endoscopia,2024-08-04,16
831,351,Endoscopia,2025-04-03,14
832,355,Artroscopia,2023-08-30,18
833,50,Artroscopia,2025-04-29,18
834,359,Endoscopia,2024-09-06,12
835,272,Endoscopia,2023-09-08,10
836,131,Cirurgia cardíaca,2025-07-02,18
837,712,Endoscopia,2024-08-24,17
838,333,Hernioplastia,2024-05-09,12
839,817,Hernioplastia,2023-08-05,2
840,33,Artroscopia,2024-10-05,9
841,313,Hernioplastia,2024-06-27,10
842,668,Artroscopia,2023-08-17,11
843,758,Endoscopia,2024-08-18,7
844,866,Cirurgia cardíaca,2025-06-01,4
845,144,Endoscopia,2025-04-04,5
846,958,Artroscopia,2024-04-03,10
847,789,Artroscopia,2025-03-28,20
848,752,Cirurgia cardíaca,2024-09-14,15
849,449,Artroscopia,2024-08-09,7
850,249,Hernioplastia,2024-02-28,6
851,502,Endoscopia,2024-10-12,1
852,197,Artroscopia,2024-04-08,6
853,840,Cirurgia cardíaca,2024-11-27,16
854,363,Cirurgia cardíaca,2023-09-14,18
855,63,Cirurgia cardíaca,2025-02-13,20
856,803,Artroscopia,2023-09-20,8
857,847,Cirurgia cardíaca,2024-10-05,9
858,337,Endoscopia,2023-10-03,2
859,396,Endoscopia,2024-09-29,11
860,737,Endoscopia,2025-03-21,9
861,640,Endoscopia,2023-10-19,11
862,869,Endoscopia,2024-09-09,10
863,13,Cirurgia cardíaca,2023-11-23,4
864,528,Cirurgia cardíaca,2025-04-04,13
865,452,Artroscopia,2024-08-25,17
866,294,Cirurgia cardíaca,2025-05-11,14
867,354,Endoscopia,2025-05-15,9
868,261,Hernioplastia,2023-09-30,12
869,268,Hernioplastia,2024-10-11,14
870,55,Endoscopia,2025-07-09,18
871,901,Hernioplastia,2024-07-21,3
872,487,Endoscopia,2024-11-08,15
873,722,Cirurgia cardíaca,2024-12-10,1
874,658,Hernioplastia,2023-12-19,8
875,660,Cirurgia cardíaca,2025-02-27,5
876,550,Artroscopia,2023-09-18,17
877,525,Hernioplastia,2025-03-10,18
878,753,Artroscopia,2025-01-05,20
879,582,Artroscopia,2024-06-22,19
880,541,Endoscopia,2025-04-19,20
881,63,Hernioplastia,2024-02-24,11
882,493,Endoscopia,2024-07-19,16
883,108,Hernioplastia,2024-07-08,15
884,698,Endoscopia,2025-06-13,9
885,386,Endoscopia,2025-06-06,2
886,830,Cirurgia cardíaca,2025-02-16,20
887,554,Artroscopia,2023-11-19,9
888,180,Hernioplastia,2024-12-10,5
889,927,Endoscopia,2024-04-05,18
890,665,Endoscopia,2023-09-18,19
891,461,Endoscopia,2023-12-12,17
892,242,Endoscopia,2024-12-08,19
893,812,Cirurgia cardíaca,2024-10-12,5
894,1000,Cirurgia cardíaca,2024-04-12,18
895,512,Cirurgia cardíaca,2024-07-10,13
896,943,Endoscopia,2024-09-05,19
897,216,Endoscopia,2025-03-21,17
898,888,Cirurgia cardíaca,2025-01-11,19
899,571,Endoscopia,2025-02-17,6
900,150,Cirurgia cardíaca,2025-04-21,2
901,836,Cirurgia cardíaca,2024-06-23,1
902,190,Endoscopia,2025-06-13,6
903,911,Cirurgia cardíaca,2023-08-09,1
904,65,Artroscopia,2024-05-30,15
905,445,Artroscopia,2024-10-12,4
906,47,Cirurgia cardíaca,2024-03-08,17
907,862,Artroscopia,2023-07-28,13
908,125,Cirurgia cardíaca,2024-11-19,18
909,86,Hernioplastia,2025-04-27,7
910,382,Artroscopia,2024-05-21,3
911,296,Cirurgia cardíaca,2023-08-07,8
912,920,Hernioplastia,2023-07-30,11
913,666,Endoscopia,2024-01-14,3
914,604,Cirurgia cardíaca,2024-03-30,16
915,283,Artroscopia,2024-06-19,18
916,657,Endoscopia,2023-11-17,7
917,323,Hernioplastia,2024-02-10,14
918,888,Hernioplastia,2025-05-18,4
919,36,Cirurgia cardíaca,2024-01-13,7
920,751,Cirurgia cardíaca,2024-10-19,15
921,856,Artroscopia,2024-12-28,6
922,4,Hernioplastia,2025-03-11,9
923,967,Hernioplastia,2024-04-02,19
924,389,Artroscopia,2024-09-09,3
925,340,Cirurgia cardíaca,2024-07-13,2
926,447,Artroscopia,2024-12-12,13
927,433,Hernioplastia,2024-12-21,3
928,76,Cirurgia cardíaca,2023-12-26,13
929,939,Hernioplastia,2025-03-13,10
930,889,Cirurgia cardíaca,2025-04-22,3
931,721,Endoscopia,2024-10-12,10
932,2,Artroscopia,2025-07-11,18
933,332,Cirurgia cardíaca,2024-04-24,13
934,629,Hernioplastia,2025-06-16,20
935,481,Cirurgia cardíaca,2025-06-06,17
936,630,Cirurgia cardíaca,2025-01-29,12
937,792,Endoscopia,2025-05-27,14
938,430,Endoscopia,2024-10-14,10
939,568,Endoscopia,2023-11-19,13
940,548,Artroscopia,2023-12-17,6
941,398,Artroscopia,2025-03-15,1
942,541,Endoscopia,2023-11-16,18
943,444,Cirurgia cardíaca,2023-12-31,16
944,542,Artroscopia,2024-03-19,20
945,75,Hernioplastia,2023-12-12,1
946,380,Artroscopia,2023-10-10,6
947,372,Artroscopia,2023-08-13,3
948,584,Artroscopia,2024-09-10,13
949,24,Endoscopia,2024-11-02,5
950,23,Cirurgia cardíaca,2025-05-10,5
951,442,Hernioplastia,2023-08-23,15
952,870,Endoscopia,2025-03-20,13
953,16,Hernioplastia,2023-10-30,3
954,567,Cirurgia cardíaca,2024-09-15,19
955,378,Endoscopia,2024-04-19,3
956,803,Artroscopia,2023-09-15,12
957,344,Hernioplastia,2024-04-03,4
958,472,Artroscopia,2025-05-30,15
959,298,Cirurgia cardíaca,2024-03-24,5
960,500,Hernioplastia,2025-07-14,13
961,617,Endoscopia,2024-01-18,3
962,99,Endoscopia,2024-12-16,9
963,95,Artroscopia,2024-01-02,5
964,447,Hernioplastia,2023-12-27,6
965,167,Endoscopia,2024-03-15,20
966,966,Artroscopia,2023-11-27,11
967,525,Cirurgia cardíaca,2024-06-17,15
968,55,Hernioplastia,2024-02-19,12
969,273,Endoscopia,2024-01-20,4
970,844,Hernioplastia,2025-07-20,10
971,382,Artroscopia,2025-07-07,2
972,327,Artroscopia,2024-01-08,17
973,130,Cirurgia cardíaca,2025-03-14,19
974,145,Endoscopia,2024-04-25,12
975,509,Cirurgia cardíaca,2023-08-14,19
976,19,Cirurgia cardíaca,2023-11-07,3
977,648,Artroscopia,2025-06-04,8
978,948,Hernioplastia,2025-06-21,14
979,282,Cirurgia cardíaca,2024-06-29,15
980,176,Endoscopia,2023-10-27,5
981,286,Artroscopia,2025-05-01,6
982,516,Endoscopia,2024-05-10,18
983,626,Hernioplastia,2023-08-12,9
984,6,Cirurgia cardíaca,2024-07-02,3
985,498,Endoscopia,2025-05-27,6
986,706,Hernioplastia,2025-02-20,15
987,247,Cirurgia cardíaca,2025-05-17,5
988,430,Cirurgia cardíaca,2025-02-17,13
989,965,Hernioplastia,2024-01-02,1
990,494,Cirurgia cardíaca,2024-05-14,2
991,806,Hernioplastia,2023-08-31,18
992,657,Cirurgia cardíaca,2024-07-05,3
993,119,Hernioplastia,2024-06-28,1
994,626,Endoscopia,2024-05-29,15
995,908,Cirurgia cardíaca,2023-12-25,3
996,323,Endoscopia,2023-12-30,14
997,83,Cirurgia cardíaca,2025-03-13,12
998,233,Artroscopia,2024-05-14,2
999,841,Endoscopia,2024-10-24,7
1000,45,Cirurgia cardíaca,2025-04-16,15
