id_profissional,nome,especialidade,crm,hospital_id
1,Vitor Gabriel Teixeira,Cardiologia,96870/AC,7
2,Srta. Clara Santos,Neurologia,12799/RR,2
3,Isabelly da Mata,Pediatria,41925/PB,5
4,Ana Lívia da Mata,Neurologia,36896/TO,3
5,Dr. Kevin da Rosa,Neurologia,37152/PE,19
6,Juan Correia,Clínica Geral,40539/SP,11
7,Sr. Lucas Gabriel Correia,Clínica Geral,88116/PE,1
8,Luiz Felipe Moreira,Pediatria,28964/RR,5
9,Matheus Barbosa,Neurologia,42853/AP,6
10,Dr. Carlos Eduardo Nogueira,Cardiologia,96646/MA,1
11,Maria Vitória Lima,Clínica Geral,11947/RO,12
12,Clarice Vieira,Clínica Geral,87182/PA,11
13,Kevin da Mota,Cardiologia,32838/AP,9
14,Nicole Moura,Cardiologia,26614/CE,14
15,Renan Rodrigues,Neurologia,24896/RO,3
16,João Vitor Pires,Ortopedia,68756/PE,12
17,Nicole Cardoso,Neurologia,87812/AM,4
18,João Vitor Nunes,Ortopedia,76039/RR,8
19,Ana Lívia da Cunha,Neurologia,15683/AP,17
20,Sr. Joaquim da Paz,Pediatria,70036/RN,1
21,Ana Vitória Dias,Cardiologia,72781/TO,13
22,Rebeca Sales,Ortopedia,99928/GO,4
23,Dra. Maria Sophia Fogaça,Ortopedia,68138/SP,3
24,Juliana Moraes,Cardiologia,52219/PR,20
25,Maria Nunes,Clínica Geral,18609/PR,5
26,Emilly da Conceição,Pediatria,91830/SP,19
27,Ana Lívia Costa,Neurologia,52622/GO,13
28,Luna Dias,Neurologia,79541/RS,10
29,Antônio Castro,Ortopedia,76263/SC,20
30,Bernardo Sales,Ortopedia,22999/RO,4
31,Davi Nascimento,Neurologia,38183/RN,14
32,Giovanna da Costa,Ortopedia,39949/MA,14
33,Mariane Castro,Pediatria,69441/SP,13
34,Rafael Silveira,Ortopedia,22463/SP,11
35,Vitória Rezende,Ortopedia,50963/DF,9
36,Rafael Sales,Pediatria,30006/PR,16
37,Emanuella Viana,Cardiologia,21957/MT,3
38,Maria Cecília Aragão,Cardiologia,66606/SP,4
39,Leandro Costa,Pediatria,27054/MG,18
40,Gabrielly Nascimento,Cardiologia,86869/PB,18
41,Alícia Azevedo,Neurologia,53207/CE,4
42,Mirella Jesus,Ortopedia,56346/RR,14
43,Luigi Pinto,Cardiologia,47700/BA,20
44,Theo Nogueira,Pediatria,56090/PR,4
45,Miguel Rodrigues,Neurologia,76507/RO,7
46,Nina Viana,Clínica Geral,96079/RJ,16
47,Lorena da Cruz,Clínica Geral,24184/PE,12
48,João Vitor Ferreira,Neurologia,58176/PR,4
49,Isis Moraes,Pediatria,85248/SP,8
50,Igor Caldeira,Ortopedia,83526/AC,20
51,Amanda Costela,Neurologia,98470/TO,18
52,Dr. Vicente Araújo,Cardiologia,89822/SP,9
53,Heloísa Nascimento,Cardiologia,33647/AM,9
54,Isabel Moraes,Pediatria,54541/PA,12
55,Sr. Rafael Farias,Cardiologia,33777/ES,5
56,Pedro Lima,Neurologia,96159/RJ,13
57,Ryan Campos,Cardiologia,28595/MA,1
58,Joaquim da Cunha,Cardiologia,79531/AC,7
59,Giovanna Azevedo,Ortopedia,65028/PB,15
60,Lara Silva,Pediatria,30631/PA,12
61,Anthony Ribeiro,Pediatria,52517/RJ,19
62,Ian Nascimento,Neurologia,21135/RJ,2
63,Giovanna Castro,Clínica Geral,30632/SE,20
64,Ana Luiza da Rocha,Cardiologia,98338/MT,3
65,Lívia Mendes,Pediatria,68079/CE,14
66,Fernanda Moreira,Ortopedia,89570/PA,15
67,Luiz Felipe Cardoso,Ortopedia,45804/TO,7
68,Clara Gomes,Neurologia,24918/GO,12
69,Heitor Nunes,Ortopedia,24534/SE,10
70,Pedro Henrique Carvalho,Neurologia,73783/RR,17
71,Ana Luiza Mendes,Pediatria,15952/GO,8
72,Miguel Souza,Ortopedia,88554/PR,2
73,Cecília Monteiro,Cardiologia,36794/SE,10
74,Pietro Jesus,Clínica Geral,27987/PE,9
75,Leandro Viana,Pediatria,53007/MT,4
76,Kaique Nunes,Cardiologia,75193/GO,14
77,Maitê Ramos,Clínica Geral,26932/RO,13
78,Carolina Aragão,Neurologia,40161/RS,17
79,Dra. Carolina Sales,Neurologia,97562/DF,12
80,Sofia Rezende,Cardiologia,62044/GO,2
81,Maria Alice Pinto,Ortopedia,12456/RJ,15
82,Dra. Ana Carolina Silveira,Cardiologia,51033/DF,19
83,Dr. Danilo Duarte,Ortopedia,85156/BA,13
84,Dra. Sophie Jesus,Ortopedia,47947/PA,4
85,Gabrielly Campos,Ortopedia,12733/RS,11
86,Juan Fogaça,Clínica Geral,91018/TO,15
87,Pedro da Cruz,Pediatria,21551/GO,14
88,Maria Vitória Duarte,Cardiologia,41891/MG,14
89,Carlos Eduardo da Costa,Neurologia,62487/DF,17
90,Felipe Lima,Cardiologia,61873/PB,10
91,Maria Eduarda Pinto,Pediatria,39041/PA,11
92,Alícia da Paz,Clínica Geral,20011/CE,17
93,Daniel Araújo,Cardiologia,79547/GO,17
94,Rafael Vieira,Clínica Geral,55793/CE,12
95,Amanda Rodrigues,Clínica Geral,40968/SE,4
96,Benício Cardoso,Clínica Geral,43550/MT,7
97,Fernanda Campos,Clínica Geral,88957/PA,5
98,Sr. João Vitor Cunha,Cardiologia,33218/ES,16
99,Murilo Santos,Ortopedia,83889/AM,19
100,Natália Souza,Ortopedia,99277/GO,19
101,Ana Laura Duarte,Neurologia,52363/RN,11
102,Vitor Lopes,Clínica Geral,67640/MT,3
103,Sarah Nogueira,Ortopedia,67961/SE,10
104,Dra. Eduarda Pereira,Pediatria,87518/DF,2
105,Calebe da Luz,Pediatria,76497/DF,3
106,Leonardo Oliveira,Pediatria,70521/GO,15
107,Ana Carolina Rodrigues,Cardiologia,17456/PI,12
108,Sr. Ian Viana,Pediatria,20057/PA,3
109,Nina Farias,Neurologia,87867/GO,17
110,João Guilherme Ribeiro,Ortopedia,70648/RR,19
111,Dr. Anthony Azevedo,Neurologia,15376/TO,15
112,Dra. Yasmin Barros,Neurologia,95437/RR,7
113,Eduarda Fernandes,Pediatria,89299/PI,16
114,Gabriela Moreira,Neurologia,29773/SE,2
115,Ana Vitória Teixeira,Ortopedia,23566/ES,11
116,Joana Alves,Cardiologia,76132/MG,6
117,Heitor Carvalho,Cardiologia,42472/TO,15
118,Heitor da Rocha,Ortopedia,78690/CE,17
119,Marina Lopes,Neurologia,30807/SE,12
120,Júlia Azevedo,Pediatria,47079/GO,13
121,Yago Rodrigues,Ortopedia,54350/PR,20
122,Sra. Helena Pereira,Cardiologia,92691/TO,11
123,Davi Lucca Ferreira,Cardiologia,53213/PE,4
124,João Gabriel Peixoto,Neurologia,98916/RN,13
125,Dra. Sarah Martins,Pediatria,43029/PB,20
126,Srta. Sophie Barros,Clínica Geral,53694/RS,3
127,Carolina Pires,Neurologia,96980/SE,5
128,Beatriz Almeida,Pediatria,50662/MG,13
129,Pedro Lucas Lima,Clínica Geral,87993/MT,3
130,Ana Júlia Correia,Pediatria,83259/CE,13
131,Luiz Henrique Costela,Pediatria,26750/RN,17
132,Júlia Lopes,Cardiologia,94675/PB,14
133,Sarah Cunha,Neurologia,57425/GO,1
134,Rodrigo Martins,Pediatria,50483/SE,6
135,Eduardo Cardoso,Clínica Geral,54791/PA,16
136,Sr. João Vitor Nascimento,Clínica Geral,39693/TO,5
137,Clarice Aragão,Clínica Geral,20114/AC,10
138,Melissa Dias,Cardiologia,76543/AP,18
139,Catarina Ferreira,Neurologia,14947/RR,11
140,Benjamin Nunes,Neurologia,27176/RN,20
141,Maria Vitória Ferreira,Ortopedia,30218/BA,6
142,João Lucas da Cunha,Clínica Geral,91885/RJ,6
143,André Souza,Ortopedia,15726/PA,14
144,Nicole Sales,Pediatria,98652/AM,8
145,Theo da Rocha,Ortopedia,90031/DF,10
146,Gustavo Henrique Sales,Ortopedia,40671/MG,18
147,Leandro da Rocha,Clínica Geral,50562/RN,16
148,Gustavo Henrique da Mota,Clínica Geral,58213/PA,19
149,Juan da Conceição,Ortopedia,70513/AC,10
150,Francisco Duarte,Ortopedia,75916/RN,17
151,Elisa Moura,Ortopedia,31241/RJ,7
152,Melissa Ramos,Neurologia,28140/AP,9
153,Lucas Cunha,Cardiologia,94040/MT,16
154,Sra. Nina da Rosa,Pediatria,82684/RR,4
155,Rafaela Pereira,Neurologia,26341/SC,10
156,Eloah Cardoso,Cardiologia,31012/AM,9
157,Ana Carolina Barros,Ortopedia,77286/MT,5
158,Lucas Moraes,Ortopedia,22021/RN,8
159,Yasmin Barbosa,Ortopedia,55820/AC,1
160,Luiz Fernando Nascimento,Ortopedia,16980/MA,13
161,Natália Moura,Neurologia,59015/BA,8
162,Amanda da Luz,Ortopedia,20696/GO,12
163,Luiz Fernando Sales,Clínica Geral,13694/MT,11
164,Ana Carvalho,Cardiologia,95191/MT,11
165,Dra. Larissa da Conceição,Clínica Geral,28035/GO,2
166,Ian Barbosa,Pediatria,71925/BA,5
167,Emilly Moreira,Ortopedia,68799/PA,20
168,Francisco Ferreira,Cardiologia,20384/PE,1
169,Dr. Davi Luiz Lopes,Pediatria,38266/SC,5
170,Sophie da Costa,Neurologia,89807/PI,17
171,Maysa Pires,Ortopedia,24573/AL,10
172,Davi Lucas Barros,Clínica Geral,49472/ES,4
173,Arthur Ribeiro,Cardiologia,41252/GO,14
174,Thales Rezende,Neurologia,69914/PA,3
175,Luiz Felipe Barbosa,Cardiologia,75513/PB,20
176,Dr. Lorenzo Sales,Neurologia,12154/AM,17
177,Srta. Ana Vitória Monteiro,Neurologia,41711/AP,5
178,Gustavo Henrique da Mata,Pediatria,66261/TO,1
179,Vinicius Silva,Neurologia,56244/TO,8
180,Miguel da Rosa,Neurologia,64600/RJ,6
181,Luiz Miguel da Mata,Cardiologia,78614/PA,12
182,Felipe Sales,Cardiologia,78951/RO,18
183,Isaac Araújo,Neurologia,76535/MA,18
184,Nina Costa,Cardiologia,61177/MG,16
185,Sr. Igor da Costa,Cardiologia,93318/AC,13
186,Lorenzo Rocha,Pediatria,43246/PB,1
187,Emanuelly Almeida,Pediatria,18855/MT,12
188,Pietro Porto,Clínica Geral,96127/MT,4
189,Dra. Yasmin Costela,Neurologia,53583/DF,5
190,Pedro Gomes,Cardiologia,56176/MT,18
191,Vinicius Cardoso,Pediatria,94252/PI,6
192,Isis Carvalho,Ortopedia,72722/MG,6
193,Davi Duarte,Clínica Geral,18270/SP,15
194,Ana Laura Aragão,Cardiologia,48462/DF,7
195,João Pedro Nunes,Cardiologia,36144/MA,2
196,Sophia da Costa,Pediatria,50642/AM,17
197,Luigi Pinto,Ortopedia,81176/SC,16
198,Rodrigo Costela,Pediatria,14799/MS,7
199,Ana Luiza Moura,Pediatria,56789/PE,2
200,Luigi Porto,Pediatria,45811/MG,4
201,Emanuelly Pereira,Pediatria,67272/AP,13
202,Isadora da Mata,Ortopedia,60678/PA,11
203,Lara Carvalho,Clínica Geral,75038/AL,16
204,Heloísa Rezende,Pediatria,78062/RO,9
205,Pedro da Costa,Cardiologia,65640/PR,3
206,Marina Souza,Ortopedia,88964/AP,6
207,Lucas Gabriel Pinto,Neurologia,48504/AP,11
208,Fernanda da Costa,Cardiologia,20494/BA,11
209,Fernanda Farias,Pediatria,50173/PE,15
210,Evelyn Barros,Neurologia,65851/PI,6
211,Augusto Silva,Ortopedia,56077/AM,15
212,Lara Oliveira,Cardiologia,56210/AM,20
213,Mirella Fernandes,Ortopedia,45986/MS,2
214,Nathan Cardoso,Cardiologia,97973/SP,13
215,Alexia Correia,Pediatria,77251/SC,6
216,Letícia da Luz,Cardiologia,28714/SE,20
217,João Vitor Barbosa,Ortopedia,14561/AP,5
218,Rafaela Jesus,Cardiologia,40932/MT,12
219,Rebeca Ramos,Pediatria,60181/SP,19
220,Lavínia Ferreira,Cardiologia,89310/MT,5
221,Enrico da Mata,Ortopedia,58623/AP,12
222,Dra. Emanuella Cavalcanti,Ortopedia,20077/PA,19
223,Alexia Almeida,Clínica Geral,79397/MG,12
224,André da Cunha,Ortopedia,51207/RS,9
225,Laís Nunes,Clínica Geral,24869/RO,1
226,Dra. Rebeca Rodrigues,Clínica Geral,75410/MA,17
227,Mariana Moreira,Ortopedia,83619/RR,4
228,Olivia Novaes,Pediatria,44116/SE,15
229,Bryan Costela,Clínica Geral,90199/BA,10
230,Diogo Correia,Ortopedia,36237/TO,4
231,Samuel da Mota,Clínica Geral,19706/AC,15
232,Lucca da Conceição,Clínica Geral,68341/RS,3
233,Leandro Teixeira,Pediatria,97535/DF,12
234,Heitor Rezende,Cardiologia,82089/BA,18
235,Lara Aragão,Pediatria,49315/AM,6
236,Davi Lucas Pires,Clínica Geral,57381/PR,17
237,Alexia Porto,Clínica Geral,25907/RJ,7
238,Eduardo Gonçalves,Clínica Geral,41029/RJ,16
239,Ana Beatriz Melo,Cardiologia,57303/AC,18
240,Pedro Lucas Pinto,Neurologia,58353/PA,15
241,Sarah Vieira,Neurologia,27009/MA,20
242,Luigi Nunes,Cardiologia,18617/PR,10
243,Maria Sophia Rodrigues,Ortopedia,72739/ES,17
244,Srta. Marcela Aragão,Ortopedia,63665/PA,19
245,Gabrielly Vieira,Cardiologia,26426/AP,11
246,Pedro Peixoto,Cardiologia,68979/PR,15
247,Luiz Felipe Monteiro,Neurologia,55156/PB,5
248,Sra. Alexia da Cruz,Neurologia,93859/MA,19
249,Srta. Lorena Monteiro,Clínica Geral,26912/PB,14
250,Luiz Fernando das Neves,Neurologia,17263/RJ,4
251,Heloísa Rezende,Neurologia,30056/BA,10
252,Thiago Nogueira,Clínica Geral,31229/PA,11
253,Milena Moreira,Clínica Geral,55353/SE,17
254,Yasmin da Cruz,Pediatria,20336/RN,9
255,Gustavo Henrique Carvalho,Clínica Geral,93238/RO,18
256,Ana da Luz,Pediatria,26406/DF,10
257,Otávio Rodrigues,Neurologia,79924/AM,3
258,Luna Jesus,Neurologia,94015/ES,6
259,Matheus Barros,Neurologia,86106/AC,5
260,Dr. João Gabriel da Cruz,Clínica Geral,96341/CE,20
261,Alícia Campos,Neurologia,54252/MT,19
262,Ana Sophia Dias,Cardiologia,13718/AM,3
263,Clarice Rodrigues,Cardiologia,94076/GO,19
264,Dr. Vitor Barbosa,Pediatria,95344/SP,7
265,Emanuelly da Costa,Neurologia,64602/RR,20
266,Maria Cavalcanti,Cardiologia,75278/RR,18
267,Leonardo Ramos,Pediatria,94136/TO,10
268,Calebe Cavalcanti,Ortopedia,42096/TO,13
269,Amanda Santos,Pediatria,69446/AM,3
270,Pedro Lucas Costa,Cardiologia,30719/DF,15
271,Sr. Thomas Gonçalves,Ortopedia,73471/RR,15
272,Sophie Santos,Clínica Geral,54589/PR,20
273,Srta. Brenda Moreira,Clínica Geral,50970/MT,11
274,Cauã da Paz,Pediatria,62260/PB,5
275,Stella Almeida,Pediatria,77499/ES,18
276,Heloísa Gomes,Cardiologia,51827/PE,8
277,Bruno Fogaça,Ortopedia,26059/MS,9
278,Sra. Isabelly Farias,Ortopedia,42495/BA,5
279,Kamilly Dias,Cardiologia,16632/BA,10
280,Júlia Oliveira,Ortopedia,90658/PB,14
281,Vitória Moreira,Clínica Geral,30932/AC,11
282,Bianca Alves,Neurologia,50988/RR,7
283,Ana Clara Cardoso,Clínica Geral,75308/MT,17
284,Dr. Vitor da Cunha,Ortopedia,75373/PA,10
285,João Vitor Azevedo,Ortopedia,13037/RO,3
286,Brenda Caldeira,Ortopedia,76249/RS,15
287,Dra. Manuela Gonçalves,Clínica Geral,38199/PA,19
288,Nina Vieira,Pediatria,16377/MA,2
289,Dra. Gabrielly Monteiro,Pediatria,74866/AC,20
290,Luiz Miguel da Conceição,Ortopedia,47453/RR,18
291,Lavínia da Rocha,Cardiologia,24089/PI,14
292,Valentina Pires,Clínica Geral,44664/RR,12
293,Dr. Yago da Paz,Ortopedia,57964/MA,2
294,Arthur Teixeira,Ortopedia,16705/MT,19
295,Rebeca Costela,Neurologia,35513/PE,12
296,Esther da Rosa,Neurologia,47827/AP,3
297,Maria Clara Lima,Ortopedia,76093/PE,15
298,Sr. Anthony Araújo,Neurologia,46663/SE,20
299,Maria Sophia Ferreira,Neurologia,25572/ES,5
300,Thiago Pereira,Cardiologia,61629/PE,12
301,Thomas Caldeira,Pediatria,83116/TO,12
302,Dr. Pedro Lucas Santos,Clínica Geral,36090/MS,20
303,Benjamin Costa,Neurologia,62610/PB,17
304,Murilo Almeida,Cardiologia,15938/PB,2
305,Sr. Vinicius Teixeira,Clínica Geral,53652/RN,16
306,João Felipe Jesus,Neurologia,69898/MA,5
307,Valentina Cunha,Neurologia,77568/RR,5
308,Manuela Farias,Pediatria,90356/AM,11
309,Sr. Yago Moreira,Clínica Geral,61505/PB,20
310,Danilo Pereira,Pediatria,87820/TO,11
311,Ana Júlia Carvalho,Neurologia,76809/AL,18
312,Ana Ribeiro,Ortopedia,83783/DF,10
313,Ana Julia Moura,Ortopedia,12180/RO,12
314,Juliana Silveira,Pediatria,98317/SP,4
315,Emanuella Sales,Ortopedia,86507/RS,10
316,Laura Rodrigues,Cardiologia,88238/SC,16
317,Bruna da Conceição,Pediatria,95929/PE,19
318,Luigi Ramos,Neurologia,39824/BA,2
319,Dra. Marcela Costa,Neurologia,72973/RR,6
320,Lorenzo Ribeiro,Neurologia,92447/AL,20
321,Srta. Maria Eduarda Moura,Ortopedia,29369/AM,8
322,Júlia Correia,Cardiologia,85047/AM,4
323,Dr. Augusto Silveira,Clínica Geral,12482/BA,15
324,João Lucas Lima,Pediatria,64890/MS,5
325,Gustavo Rodrigues,Ortopedia,36724/AC,14
326,Danilo Peixoto,Neurologia,90147/AL,16
327,Gustavo Henrique da Rosa,Cardiologia,28098/CE,17
328,Sra. Agatha Costa,Clínica Geral,83516/PI,11
329,Sr. Augusto Peixoto,Ortopedia,78875/PR,13
330,Gabriela Porto,Pediatria,32699/MT,15
331,Lorena Costela,Neurologia,54869/SP,18
332,Luiz Fernando Ramos,Pediatria,98587/SP,9
333,Natália Porto,Neurologia,73462/BA,7
334,Sra. Ana Laura Oliveira,Clínica Geral,46569/MG,18
335,João Vitor Mendes,Pediatria,39473/PI,10
336,Raul Pires,Pediatria,37168/SC,16
337,Pedro Carvalho,Pediatria,72888/CE,12
338,Srta. Maria Julia Lima,Neurologia,45842/PI,10
339,Ana Vitória Cardoso,Cardiologia,85166/DF,18
340,Maria Cecília Barros,Ortopedia,61712/RJ,12
341,Caroline Ribeiro,Clínica Geral,48070/PE,2
342,Cauã Teixeira,Pediatria,20358/CE,12
343,Guilherme da Rocha,Ortopedia,95979/ES,9
344,Dra. Laura Cardoso,Ortopedia,38047/SE,7
345,Maria Martins,Neurologia,45537/MG,18
346,Amanda Rodrigues,Pediatria,27992/AC,4
347,Dr. Diego Peixoto,Neurologia,86917/AC,8
348,Gabrielly Nascimento,Clínica Geral,16653/GO,17
349,Carlos Eduardo Castro,Clínica Geral,93616/PI,8
350,Gustavo Henrique da Conceição,Cardiologia,23133/CE,14
351,Vitor Carvalho,Pediatria,71918/BA,4
352,Juan da Cunha,Clínica Geral,10679/AL,18
353,Giovanna da Mata,Clínica Geral,63334/AC,16
354,Srta. Fernanda Nogueira,Ortopedia,95267/AM,7
355,Sr. Juan Martins,Pediatria,52096/GO,10
356,Ana Vitória Barros,Cardiologia,21725/DF,19
357,Vitor Gabriel Duarte,Clínica Geral,80143/PR,2
358,Sophia Santos,Clínica Geral,64773/MG,6
359,Gabriel Caldeira,Cardiologia,62034/MT,16
360,Maria Clara Oliveira,Clínica Geral,47941/AP,2
361,Alice Oliveira,Cardiologia,49110/RS,19
362,Anthony Fogaça,Neurologia,24064/PI,11
363,Nicole Castro,Pediatria,69552/ES,18
364,Milena Costela,Neurologia,74738/MA,5
365,Júlia Porto,Neurologia,71344/AP,9
366,Lívia da Rocha,Clínica Geral,24764/SE,11
367,João Lucas Viana,Clínica Geral,70150/CE,9
368,Luiz Otávio Pereira,Clínica Geral,11846/PI,11
369,Amanda Almeida,Pediatria,84420/TO,7
370,Mariane Gonçalves,Clínica Geral,90079/RS,13
371,Alexandre Caldeira,Ortopedia,77538/PR,11
372,Noah Fernandes,Cardiologia,62538/TO,4
373,Isis Monteiro,Clínica Geral,28430/TO,16
374,Clara Silva,Pediatria,42512/MA,1
375,Davi Lucca Teixeira,Pediatria,60275/RJ,8
376,Heitor Carvalho,Ortopedia,44995/MG,11
377,Srta. Beatriz Freitas,Pediatria,86344/PA,19
378,Paulo Santos,Cardiologia,44282/SE,12
379,Dr. Pedro Miguel Ferreira,Clínica Geral,18142/SP,4
380,Sra. Emanuelly Farias,Ortopedia,50213/RO,6
381,Dr. Emanuel Ramos,Ortopedia,99925/RN,17
382,Sr. Ryan Cunha,Pediatria,25389/RS,10
383,Otávio Ribeiro,Pediatria,90560/AC,8
384,Renan da Luz,Clínica Geral,27507/PA,16
385,Pietra Rodrigues,Clínica Geral,69634/SP,20
386,Maria Alice Cardoso,Pediatria,64505/SE,18
387,Milena Cardoso,Ortopedia,80453/PI,7
388,Raul Pires,Clínica Geral,99173/RO,20
389,João Gabriel Nascimento,Cardiologia,78879/TO,15
390,Isabella Nogueira,Neurologia,57419/CE,3
391,Srta. Ana Vitória Rezende,Neurologia,24707/MS,2
392,Leonardo Alves,Neurologia,76255/ES,7
393,Srta. Sophie Freitas,Neurologia,80341/RO,5
394,Sra. Caroline Carvalho,Clínica Geral,53007/TO,17
395,Marina Jesus,Ortopedia,25235/SE,7
396,Srta. Daniela Sales,Neurologia,74071/MS,3
397,Guilherme Sales,Neurologia,68390/RR,2
398,Dra. Cecília Almeida,Ortopedia,27294/DF,17
399,Julia Correia,Ortopedia,69873/GO,19
400,Lívia Sales,Cardiologia,83242/CE,15
401,Caroline da Luz,Pediatria,12853/AP,13
402,Ana Campos,Pediatria,10395/BA,7
403,Miguel Dias,Neurologia,19572/PE,2
404,Sra. Caroline Aragão,Ortopedia,55158/RR,3
405,Maria Alice Fernandes,Neurologia,17897/RO,3
406,Laís Almeida,Ortopedia,14159/PA,10
407,Nicole Barros,Ortopedia,33590/MT,5
408,Júlia Freitas,Ortopedia,59081/AM,13
409,Manuela Rezende,Ortopedia,59479/PR,13
410,Sr. Thiago das Neves,Cardiologia,99486/AL,18
411,Kaique Teixeira,Clínica Geral,95660/PB,12
412,Sr. João Vitor da Mota,Cardiologia,33392/MT,18
413,Murilo Araújo,Ortopedia,79316/SC,5
414,Ryan Pereira,Clínica Geral,10455/AP,1
415,Eduardo da Cunha,Pediatria,70686/MT,18
416,Bernardo Castro,Ortopedia,79721/AC,13
417,Larissa Araújo,Clínica Geral,42441/RJ,15
418,Helena Fernandes,Pediatria,30332/ES,9
419,Lucas Duarte,Clínica Geral,24790/MT,2
420,Isaac Silveira,Ortopedia,90599/SE,1
421,Breno Pires,Clínica Geral,37011/SP,3
422,Pedro Lucas Porto,Cardiologia,87849/RJ,2
423,Bruno Caldeira,Ortopedia,88352/AL,2
424,Gabrielly Campos,Clínica Geral,15798/SE,13
425,Benício Pires,Ortopedia,40715/AL,18
426,Paulo Pinto,Clínica Geral,17398/AP,5
427,Renan Caldeira,Neurologia,47914/PI,8
428,Gustavo Nascimento,Neurologia,51799/MG,19
429,Pedro Henrique Oliveira,Neurologia,98150/ES,11
430,Valentina Alves,Clínica Geral,49552/PB,5
431,Letícia Pereira,Neurologia,38972/RN,14
432,Ana Luiza Mendes,Pediatria,46064/RS,2
433,Valentina Araújo,Neurologia,87550/PB,6
434,Helena da Mota,Ortopedia,82856/AM,16
435,André Campos,Cardiologia,55143/RJ,13
436,Murilo Costela,Neurologia,51777/RS,14
437,Eloah Moraes,Ortopedia,29558/PA,10
438,Rebeca Pires,Ortopedia,34101/CE,18
439,Daniel Barbosa,Ortopedia,41584/AL,8
440,Henrique Pinto,Pediatria,28920/PE,15
441,Sophia Moraes,Cardiologia,83713/MA,14
442,Maria Cecília da Conceição,Ortopedia,83044/BA,17
443,Gabriela Mendes,Clínica Geral,60910/MA,8
444,Sr. Luiz Henrique da Conceição,Pediatria,36651/AL,11
445,Luiz Fernando Barros,Cardiologia,68954/PA,12
446,Sr. Eduardo da Paz,Cardiologia,80206/SE,7
447,Joaquim da Mota,Cardiologia,45187/RO,13
448,Olivia Rezende,Neurologia,89026/RN,2
449,Sra. Maria Luiza Melo,Cardiologia,34662/RN,19
450,Kaique Melo,Neurologia,38444/CE,16
451,Lorenzo Barbosa,Clínica Geral,53642/PR,10
452,Alexandre das Neves,Cardiologia,37762/RR,7
453,Lucas Gabriel da Rosa,Cardiologia,72773/ES,8
454,Sarah Melo,Neurologia,36805/SE,13
455,Sra. Cecília Nunes,Clínica Geral,82362/CE,11
456,João Guilherme Alves,Pediatria,59894/AP,15
457,Sr. Matheus Correia,Neurologia,95029/BA,12
458,Leonardo da Mota,Pediatria,44283/RS,12
459,Sophie Moreira,Neurologia,75179/AL,15
460,Eduardo da Paz,Cardiologia,71537/MA,11
461,Enzo Gabriel Ferreira,Clínica Geral,58589/SC,11
462,Joaquim Vieira,Ortopedia,15992/ES,19
463,Eduardo Aragão,Clínica Geral,29126/CE,1
464,Caio Aragão,Pediatria,82523/TO,19
465,Beatriz Nascimento,Neurologia,64732/RS,10
466,Joaquim da Rocha,Clínica Geral,35715/MA,11
467,Eduarda Moura,Clínica Geral,59786/SE,19
468,Sr. Luiz Miguel Pinto,Clínica Geral,75444/RR,18
469,Cauã da Conceição,Pediatria,43728/BA,16
470,Diogo Teixeira,Ortopedia,70401/MG,6
471,Sra. Gabrielly Pereira,Pediatria,32185/RS,5
472,Augusto da Mota,Neurologia,74004/PI,6
473,Davi Lucas Martins,Neurologia,94123/ES,2
474,Pedro Lucas Freitas,Neurologia,14433/BA,3
475,Maria Luiza Rodrigues,Cardiologia,10836/DF,14
476,Srta. Valentina Ribeiro,Clínica Geral,92667/SE,8
477,Mariana Campos,Cardiologia,29795/CE,1
478,Joana Silva,Clínica Geral,76287/MS,15
479,Manuela Rezende,Pediatria,17923/CE,20
480,Dr. Luiz Miguel Rocha,Neurologia,73334/RR,16
481,Lorena Fogaça,Cardiologia,10866/RJ,18
482,Maysa Azevedo,Neurologia,63914/DF,1
483,Eduardo Porto,Cardiologia,79391/ES,9
484,Clara Lima,Neurologia,47576/PA,1
485,Maria Julia da Cruz,Neurologia,98346/TO,14
486,Dr. Marcos Vinicius Cardoso,Clínica Geral,24026/BA,4
487,Gustavo Pires,Neurologia,29516/PE,8
488,Sr. Nathan Barbosa,Clínica Geral,91235/PB,17
489,Mariane Mendes,Pediatria,56457/PA,9
490,Letícia Pinto,Ortopedia,20357/PA,12
491,Dr. Ian Fogaça,Ortopedia,70161/MG,19
492,Davi Pires,Clínica Geral,39603/ES,10
493,Pedro Cardoso,Cardiologia,95686/MS,2
494,Gustavo Santos,Cardiologia,63120/PE,13
495,Melissa Cardoso,Ortopedia,82443/SE,16
496,Enzo Castro,Cardiologia,93459/AM,1
497,João Guilherme Azevedo,Clínica Geral,20837/PI,16
498,Isaac da Paz,Ortopedia,94529/RO,11
499,Dr. Heitor Freitas,Neurologia,22499/DF,17
500,Dra. Beatriz Viana,Cardiologia,40115/GO,7
501,Vitor Jesus,Neurologia,72324/MA,9
502,Dr. João Alves,Cardiologia,19744/PR,9
503,Maitê da Costa,Neurologia,83860/MG,2
504,Enzo da Rocha,Clínica Geral,51220/PR,1
505,Luiz Henrique Vieira,Clínica Geral,86943/SP,5
506,Rebeca Rezende,Ortopedia,20084/MT,10
507,Ian da Mota,Clínica Geral,83919/PA,8
508,Sra. Cecília Pires,Neurologia,61007/PB,18
509,Alice Moura,Pediatria,60311/BA,5
510,Ana Lima,Cardiologia,75639/SC,12
511,Luiz Felipe Moraes,Cardiologia,22803/MT,14
512,Kaique Pereira,Clínica Geral,19963/RO,11
513,Sophie Teixeira,Neurologia,90460/MA,20
514,Sr. Miguel Azevedo,Ortopedia,52778/BA,1
515,Isaac Novaes,Pediatria,69054/MG,16
516,João Vitor Campos,Clínica Geral,56636/PI,18
517,Caroline Ribeiro,Ortopedia,66603/AM,6
518,Dr. Pedro Miguel Jesus,Neurologia,96595/AP,13
519,Calebe Vieira,Cardiologia,91083/CE,10
520,Ryan Rodrigues,Clínica Geral,19634/AC,3
521,Eduardo Campos,Pediatria,30214/MG,13
522,Emanuel Dias,Clínica Geral,61068/MA,11
523,Marcela Campos,Pediatria,23965/PB,3
524,João Lucas Silveira,Cardiologia,50405/AC,15
525,Igor Oliveira,Pediatria,45358/MG,4
526,Carlos Eduardo Costela,Clínica Geral,21442/PI,6
527,Luana Campos,Ortopedia,68830/MG,18
528,Cauê da Rocha,Neurologia,77166/MA,14
529,Rafaela Ribeiro,Cardiologia,13442/CE,3
530,Maria Julia Lima,Pediatria,82642/RJ,3
531,Luiz Fernando Ramos,Neurologia,88386/GO,11
532,Alexandre da Conceição,Ortopedia,11617/PB,10
533,João Farias,Ortopedia,60829/PE,3
534,Dr. Lorenzo Rezende,Neurologia,41816/RJ,19
535,Vicente Carvalho,Neurologia,32227/MA,13
536,Laís Monteiro,Clínica Geral,28198/RR,9
537,Sra. Julia da Luz,Pediatria,45180/PA,16
538,Davi Pinto,Clínica Geral,18292/PB,6
539,Mirella da Mata,Ortopedia,46170/RR,14
540,Ana Luiza Novaes,Pediatria,73469/RR,3
541,Erick da Cruz,Pediatria,42990/GO,8
542,Maria Alice Gonçalves,Ortopedia,87831/RO,20
543,Samuel da Rosa,Clínica Geral,70012/PR,4
544,Sophie Vieira,Clínica Geral,49932/AM,1
545,Sr. Vitor Gabriel Cavalcanti,Ortopedia,53544/PE,20
546,Dr. Levi da Cunha,Ortopedia,53193/GO,15
547,Luiz Fernando Barbosa,Pediatria,66441/PB,20
548,Breno Rezende,Clínica Geral,49378/MG,11
549,Dr. Diogo Novaes,Neurologia,36326/AL,16
550,Fernando Correia,Pediatria,33283/RR,13
551,Igor Rezende,Pediatria,48200/PR,16
552,Ana Clara Cardoso,Neurologia,41775/PI,11
553,Elisa Pires,Ortopedia,46739/BA,13
554,Emilly da Cruz,Pediatria,24927/CE,19
555,Otávio Castro,Clínica Geral,87624/CE,18
556,Cauã Teixeira,Clínica Geral,99353/SC,18
557,Bárbara Cardoso,Cardiologia,70505/RO,7
558,Renan Fogaça,Ortopedia,48185/BA,3
559,Isabella da Luz,Ortopedia,98208/DF,16
560,Srta. Nicole Teixeira,Clínica Geral,93012/DF,10
561,Pietra Barros,Clínica Geral,43119/TO,5
562,Manuela Cavalcanti,Ortopedia,59412/MG,3
563,Sra. Laura Barros,Ortopedia,88372/RN,16
564,Benjamin Nascimento,Neurologia,62534/SP,18
565,Felipe Moura,Neurologia,64827/ES,18
566,Bryan Aragão,Cardiologia,57124/PA,18
567,André Mendes,Neurologia,93647/TO,3
568,Rodrigo Campos,Cardiologia,42536/ES,12
569,Raul da Cunha,Clínica Geral,94803/SC,20
570,Augusto Peixoto,Cardiologia,83822/PE,13
571,Igor Martins,Pediatria,66420/PI,4
572,Caroline da Rocha,Cardiologia,22924/PI,9
573,Lara Costa,Clínica Geral,76935/ES,17
574,Calebe Moraes,Neurologia,86089/MT,19
575,André Nunes,Clínica Geral,68429/RS,12
576,Sr. João Pedro da Rosa,Ortopedia,70694/PB,19
577,Bernardo Freitas,Neurologia,29758/RS,12
578,Isadora Barbosa,Cardiologia,73277/AP,4
579,Juan Jesus,Pediatria,64522/SP,3
580,Luna Cavalcanti,Cardiologia,28569/RR,12
581,Vitória da Cunha,Pediatria,54966/GO,15
582,Noah Martins,Clínica Geral,78303/RS,16
583,Sra. Nicole Cunha,Pediatria,72411/MT,4
584,Pedro Miguel Lopes,Ortopedia,69303/RO,11
585,Ana Clara Melo,Cardiologia,49356/AC,2
586,Maria Luiza Porto,Cardiologia,12960/MG,11
587,Maysa Dias,Cardiologia,98754/PE,6
588,Rafaela Alves,Clínica Geral,77632/ES,6
589,Paulo Costa,Neurologia,30989/MA,11
590,Vicente Pereira,Neurologia,65885/SP,15
591,Pedro Henrique Cardoso,Clínica Geral,63090/AL,6
592,João Lucas Sales,Clínica Geral,93948/MA,14
593,Davi Lucas Nascimento,Ortopedia,13826/DF,20
594,Alícia Duarte,Clínica Geral,68926/SC,19
595,Laura Melo,Ortopedia,60965/BA,1
596,Ian Barbosa,Clínica Geral,36972/PE,9
597,Melissa Gomes,Cardiologia,85674/SP,4
598,Enzo Melo,Neurologia,34505/MT,12
599,Emanuel Viana,Pediatria,35830/AL,15
600,Elisa das Neves,Cardiologia,44387/RN,16
601,Manuela Martins,Neurologia,93769/CE,11
602,Marina Almeida,Neurologia,60939/AP,20
603,Ana Clara da Mota,Ortopedia,86939/AL,4
604,Bianca da Rocha,Pediatria,56135/BA,15
605,Davi Vieira,Neurologia,32613/TO,10
606,Erick Santos,Neurologia,87354/AP,3
607,Rebeca Rezende,Clínica Geral,51049/MA,4
608,Thiago da Paz,Clínica Geral,50026/ES,4
609,Camila Farias,Clínica Geral,58929/MA,5
610,Murilo Porto,Neurologia,60916/RS,14
611,Gabriel Rocha,Neurologia,28070/AP,19
612,Dr. João Miguel da Cunha,Ortopedia,65448/PR,6
613,Lara Santos,Ortopedia,93296/RN,18
614,Sra. Sophie da Costa,Clínica Geral,82733/TO,6
615,Alexia Nascimento,Ortopedia,47858/PA,5
616,Vitor Hugo Jesus,Clínica Geral,51232/RN,15
617,Brenda Vieira,Neurologia,17026/SC,12
618,Fernando Nascimento,Cardiologia,73518/PB,5
619,Lorenzo Gomes,Clínica Geral,60324/MG,18
620,Maria Rocha,Neurologia,95599/AP,16
621,Sr. Theo Ribeiro,Ortopedia,99744/DF,16
622,Diogo Almeida,Ortopedia,68176/AC,16
623,Sabrina Moura,Clínica Geral,20835/PR,19
624,Kamilly Novaes,Cardiologia,38905/SC,10
625,Dr. Luigi Lima,Cardiologia,46025/RS,8
626,Ana Julia Oliveira,Neurologia,47836/AL,6
627,João Pedro da Cruz,Ortopedia,84140/DF,16
628,Eloah Monteiro,Neurologia,76952/PE,4
629,Sra. Maysa Moura,Neurologia,24969/RR,9
630,Pietro Nogueira,Neurologia,58085/PA,18
631,Srta. Elisa Rocha,Cardiologia,67850/AL,18
632,Sr. Samuel da Conceição,Clínica Geral,65725/GO,4
633,Laís da Conceição,Clínica Geral,49021/GO,2
634,Otávio da Cruz,Ortopedia,44447/AC,12
635,Vitor Carvalho,Cardiologia,67549/RS,4
636,Sra. Julia Cardoso,Clínica Geral,37509/PE,19
637,Kevin da Cunha,Pediatria,89988/TO,14
638,Eloah Jesus,Clínica Geral,90760/PE,5
639,Mirella Nascimento,Clínica Geral,37124/RJ,2
640,Thomas Oliveira,Neurologia,55982/SP,18
641,Srta. Ana Lívia Monteiro,Pediatria,88231/TO,18
642,Gabriel da Rocha,Clínica Geral,52421/SC,10
643,Pietra Lima,Pediatria,85069/AC,9
644,Luigi Almeida,Neurologia,99037/AM,4
645,Yago Peixoto,Clínica Geral,63948/PE,2
646,Milena Gomes,Pediatria,95969/SC,5
647,Bárbara da Luz,Clínica Geral,42725/MS,5
648,Thales Cunha,Pediatria,42447/DF,13
649,Carolina Santos,Ortopedia,28634/AM,19
650,Maria Fernanda da Rosa,Pediatria,92288/CE,14
651,Benício da Mata,Ortopedia,69243/SE,3
652,Francisco Oliveira,Cardiologia,62802/PB,17
653,Mariane Cavalcanti,Pediatria,58374/RS,15
654,Bruno Gonçalves,Ortopedia,52898/AP,19
655,Ana Vitória Freitas,Cardiologia,22208/AP,15
656,Sr. Nathan Duarte,Pediatria,18300/PR,18
657,Nicole Castro,Ortopedia,38551/AC,14
658,Gabriel Almeida,Clínica Geral,74843/RO,9
659,Vitória Barbosa,Pediatria,47171/AM,11
660,Luiz Henrique Almeida,Neurologia,85750/MG,5
661,Manuela Fogaça,Neurologia,73614/PR,11
662,Sophia Mendes,Cardiologia,16021/RN,4
663,Heloísa Moura,Ortopedia,12134/RO,4
664,Dr. Erick Moreira,Clínica Geral,67840/RO,15
665,Isis Caldeira,Cardiologia,66072/MS,7
666,Sr. Alexandre Ramos,Clínica Geral,95196/RR,10
667,Rebeca Cunha,Clínica Geral,45916/AC,3
668,Ana Vitória Souza,Pediatria,42819/GO,3
669,Srta. Isadora Porto,Pediatria,97098/RN,6
670,Mirella Ribeiro,Cardiologia,61949/PE,10
671,Mirella da Mota,Clínica Geral,66260/AC,3
672,Giovanna Aragão,Cardiologia,10142/RS,7
673,Sr. Vicente Martins,Ortopedia,20215/RO,5
674,Daniela Rodrigues,Neurologia,39647/MG,17
675,Dra. Vitória Cardoso,Ortopedia,11217/MS,1
676,Lorena Castro,Pediatria,25806/SC,14
677,Evelyn da Mota,Clínica Geral,72613/RR,3
678,Luiz Henrique Santos,Clínica Geral,60209/AL,3
679,Luiz Felipe Carvalho,Cardiologia,23526/MA,11
680,Maria Clara Rezende,Pediatria,49223/CE,5
681,Ana Sophia Rocha,Ortopedia,27451/RO,5
682,Eduarda Farias,Cardiologia,79534/DF,19
683,Vitor Gabriel Carvalho,Cardiologia,89995/AM,6
684,Raquel Araújo,Ortopedia,56030/CE,7
685,Dr. Vitor Freitas,Clínica Geral,63963/ES,20
686,Sra. Natália Ribeiro,Ortopedia,38474/RO,3
687,Raul Cunha,Cardiologia,28351/PI,4
688,Rebeca Rodrigues,Neurologia,60335/AP,12
689,Sra. Clarice Campos,Ortopedia,51222/RS,5
690,Dr. Theo Nascimento,Clínica Geral,46302/RS,3
691,Valentina Pinto,Clínica Geral,82534/SE,20
692,Enzo Gabriel Ferreira,Neurologia,89638/AM,10
693,Bryan Correia,Cardiologia,96298/AP,10
694,Sr. Vinicius Correia,Clínica Geral,77862/RJ,20
695,Sr. Ian Nascimento,Neurologia,34726/RJ,13
696,Srta. Gabriela Caldeira,Pediatria,94694/RJ,2
697,Caroline Nogueira,Clínica Geral,74865/PA,13
698,Dr. Renan Costela,Cardiologia,41599/PE,16
699,Maria das Neves,Neurologia,19307/AM,17
700,Alana Teixeira,Cardiologia,57329/PB,11
701,Sr. Gustavo das Neves,Clínica Geral,60703/PR,19
702,Laís da Conceição,Ortopedia,57895/RN,18
703,Danilo Azevedo,Clínica Geral,71736/RN,3
704,Dr. Luiz Fernando Costa,Cardiologia,86986/GO,3
705,Dra. Luana da Rosa,Cardiologia,44365/PR,7
706,Thales Nascimento,Cardiologia,17925/AL,13
707,Sr. Theo da Rocha,Neurologia,47550/SC,17
708,Samuel Barros,Ortopedia,65518/SP,13
709,Luigi Novaes,Cardiologia,93956/MA,18
710,Bruna Aragão,Neurologia,90746/PI,5
711,Heloísa Pereira,Pediatria,20957/RO,10
712,Isabel Novaes,Cardiologia,77017/MG,7
713,Luiz Miguel Gomes,Clínica Geral,80305/MA,11
714,Srta. Pietra Vieira,Ortopedia,86865/MG,3
715,Cauê Martins,Pediatria,67342/SP,8
716,Ana Beatriz Jesus,Cardiologia,42044/PB,3
717,Bruna Cunha,Ortopedia,25202/PB,15
718,Sra. Evelyn da Conceição,Neurologia,89800/DF,2
719,Vinicius da Paz,Pediatria,97304/SC,6
720,Alana Moreira,Cardiologia,11660/SC,5
721,Ana Lívia da Conceição,Cardiologia,31473/MG,16
722,Nicole da Cunha,Pediatria,78551/AL,17
723,João Gabriel Ribeiro,Pediatria,31884/CE,12
724,Cauã Silva,Clínica Geral,45227/RS,4
725,Dr. Davi Lucas Nunes,Cardiologia,53910/ES,14
726,Cauã Duarte,Pediatria,78662/MG,3
727,Fernanda da Luz,Pediatria,85582/RS,3
728,Sra. Stephany Carvalho,Ortopedia,69663/SP,17
729,Milena Nascimento,Pediatria,17266/GO,16
730,Milena Pires,Neurologia,31873/MS,12
731,Cauã Correia,Clínica Geral,43438/AP,4
732,Luigi Silva,Neurologia,98358/ES,4
733,Nicolas Rocha,Clínica Geral,76692/GO,1
734,Dra. Ana Luiza da Mata,Cardiologia,11610/MG,8
735,Melissa Pinto,Cardiologia,71835/MA,12
736,Ana Castro,Ortopedia,29671/MT,6
737,Theo Teixeira,Cardiologia,82465/CE,14
738,Pietra Aragão,Clínica Geral,52179/MG,8
739,Maria Alice Souza,Ortopedia,51934/PR,9
740,Luiz Henrique Teixeira,Cardiologia,84912/RR,12
741,Ana Vitória da Rocha,Cardiologia,75803/RO,2
742,Diego da Mata,Clínica Geral,39253/AC,17
743,Lavínia Lopes,Cardiologia,62550/AM,3
744,Cauê da Rocha,Ortopedia,47002/RS,10
745,Bryan Fernandes,Pediatria,21322/SP,18
746,Bruno Costa,Ortopedia,11044/PE,12
747,João Guilherme Viana,Clínica Geral,48219/CE,19
748,Mirella Almeida,Pediatria,91620/ES,8
749,Augusto Silveira,Ortopedia,58270/SE,19
750,Rafael Teixeira,Ortopedia,35614/PB,18
751,Murilo Rodrigues,Clínica Geral,29735/RR,1
752,Dr. Otávio Teixeira,Ortopedia,13133/PE,8
753,Ryan Castro,Neurologia,55406/RO,1
754,Erick Azevedo,Pediatria,10191/DF,13
755,Heitor da Rosa,Pediatria,23624/BA,7
756,Maria Clara da Rosa,Neurologia,41217/RJ,14
757,Dr. Cauê Pereira,Ortopedia,17850/AP,5
758,Eloah Ferreira,Pediatria,22193/MG,2
759,Bruna Nunes,Clínica Geral,78125/PB,14
760,Fernando Pereira,Pediatria,70091/RR,3
761,Luiz Otávio da Rocha,Neurologia,22527/AP,17
762,Sabrina Fogaça,Clínica Geral,93521/RS,13
763,Dra. Caroline Moura,Cardiologia,87580/RJ,19
764,Melissa Silva,Cardiologia,67014/RN,5
765,Kaique da Costa,Clínica Geral,48230/MT,9
766,Isis Araújo,Pediatria,61505/RN,11
767,Breno Fogaça,Pediatria,69343/AM,9
768,Ana Sophia Vieira,Clínica Geral,19789/PA,7
769,Isaac Carvalho,Clínica Geral,86638/MS,4
770,Dr. Danilo das Neves,Clínica Geral,23848/GO,6
771,Caio Nascimento,Ortopedia,71086/ES,11
772,Ana Lívia Costa,Ortopedia,25825/CE,18
773,Sabrina Lima,Pediatria,37215/RJ,15
774,Ana Luiza Souza,Pediatria,70731/MS,9
775,Dra. Esther Vieira,Cardiologia,21851/GO,6
776,Ana Luiza Barros,Pediatria,89076/CE,2
777,Dr. Diego Monteiro,Clínica Geral,52964/SE,5
778,Dra. Valentina Teixeira,Cardiologia,42534/PI,12
779,Juliana Rocha,Ortopedia,77300/RJ,2
780,Francisco Alves,Pediatria,44100/RO,6
781,Raquel da Costa,Cardiologia,63004/RO,15
782,Danilo Nascimento,Neurologia,82105/RJ,8
783,Sra. Ana Beatriz Moura,Cardiologia,70560/RR,4
784,Renan Peixoto,Clínica Geral,25919/RR,1
785,Carolina Pires,Cardiologia,39135/MS,5
786,Lívia Gomes,Clínica Geral,62505/GO,12
787,Manuela Dias,Cardiologia,86326/MA,19
788,Ana Laura Lima,Pediatria,19828/PA,1
789,Sr. Pedro Miguel Cardoso,Cardiologia,35919/AP,15
790,Srta. Ana Laura da Cunha,Clínica Geral,22055/RJ,11
791,Bruno Gomes,Cardiologia,15596/PI,15
792,Alana Pereira,Cardiologia,32018/RO,19
793,Sabrina Cunha,Ortopedia,61773/PR,16
794,Maitê Teixeira,Cardiologia,60165/RR,14
795,João Alves,Clínica Geral,56392/RN,7
796,Vinicius Almeida,Clínica Geral,46042/RR,9
797,Pietra Teixeira,Ortopedia,29481/SC,2
798,Sr. Vicente Souza,Neurologia,91156/RO,20
799,Amanda Porto,Clínica Geral,94840/CE,10
800,Sophie Souza,Ortopedia,64000/ES,18
801,Breno Moreira,Ortopedia,17992/TO,3
802,Luiz Gustavo Moraes,Pediatria,60202/AL,5
803,Luna Nascimento,Ortopedia,36143/CE,17
804,Sr. Joaquim Farias,Clínica Geral,92674/TO,18
805,Stella Costa,Cardiologia,60134/MA,12
806,Lucca Gonçalves,Ortopedia,81371/GO,16
807,Alexandre Novaes,Pediatria,84141/DF,17
808,Pedro Silva,Pediatria,60905/TO,9
809,Lucas Gabriel Rodrigues,Clínica Geral,13416/AL,11
810,Sr. Paulo Ramos,Neurologia,38707/MT,1
811,João Gabriel Cavalcanti,Pediatria,17679/AC,16
812,Sr. João Moraes,Neurologia,56849/AC,19
813,Leandro Rodrigues,Clínica Geral,30922/DF,4
814,Luiz Miguel Silva,Clínica Geral,96096/BA,8
815,Ana Vitória Rodrigues,Pediatria,79951/AC,2
816,Vitor Fernandes,Clínica Geral,85457/ES,13
817,Julia Moura,Pediatria,32768/MA,6
818,Dr. Diego Teixeira,Clínica Geral,87662/SE,11
819,Calebe Pires,Pediatria,87537/RO,1
820,Bruna Cunha,Pediatria,84403/MS,19
821,Sra. Agatha Moraes,Clínica Geral,83807/RR,7
822,Carlos Eduardo da Mota,Ortopedia,81057/MA,10
823,Daniel Novaes,Clínica Geral,74282/PA,2
824,Sra. Alícia da Cruz,Cardiologia,17362/RO,8
825,Lucca Fogaça,Neurologia,38679/AM,1
826,Luiza Vieira,Neurologia,72650/PR,1
827,Raquel Costela,Pediatria,90495/MT,7
828,Lívia Nogueira,Clínica Geral,54663/BA,6
829,Calebe Aragão,Pediatria,17806/BA,1
830,João Felipe Santos,Clínica Geral,86888/AC,5
831,Eduarda Barros,Cardiologia,78982/RO,12
832,Dr. Noah Alves,Cardiologia,58967/PA,13
833,Evelyn Gomes,Neurologia,23242/PR,11
834,Vitor Hugo Pereira,Pediatria,52284/ES,5
835,Brenda Silva,Clínica Geral,67261/CE,16
836,Guilherme Correia,Pediatria,32833/GO,18
837,Srta. Natália Pereira,Neurologia,56769/DF,8
838,Rafaela Cavalcanti,Neurologia,32983/RR,13
839,Dra. Mariana da Mata,Pediatria,48602/DF,5
840,Marina da Costa,Clínica Geral,10235/ES,19
841,Cauê Nunes,Ortopedia,84381/AL,2
842,Diogo da Conceição,Clínica Geral,88956/PA,11
843,Paulo da Paz,Neurologia,38953/AP,19
844,João Miguel Oliveira,Cardiologia,75035/PE,5
845,Samuel Dias,Pediatria,20198/ES,8
846,Dr. Lucca Caldeira,Pediatria,51879/PE,6
847,Melissa Barros,Cardiologia,97821/MA,11
848,Gabriel Moreira,Ortopedia,11493/GO,9
849,Dr. Felipe Lopes,Clínica Geral,42707/AL,3
850,Augusto Almeida,Pediatria,43640/AL,4
851,Sofia Martins,Cardiologia,16310/DF,13
852,Lucas Freitas,Ortopedia,65004/RN,6
853,Leandro da Mata,Ortopedia,74629/GO,13
854,Isabelly Melo,Pediatria,81568/MA,13
855,Caio Alves,Cardiologia,72847/RO,19
856,Stella Costela,Clínica Geral,31319/MT,15
857,Dr. Vinicius Souza,Cardiologia,14379/RN,10
858,Sr. Pietro Freitas,Cardiologia,51774/DF,9
859,Joana Carvalho,Cardiologia,19725/AM,11
860,Pedro Lucas Costa,Clínica Geral,59212/AL,6
861,Milena da Mota,Cardiologia,81702/DF,3
862,Sra. Ana Luiza Cardoso,Pediatria,87860/PI,20
863,Heloísa Jesus,Ortopedia,14062/SC,14
864,Sophie da Paz,Clínica Geral,89602/PI,14
865,Srta. Amanda Costela,Clínica Geral,17019/DF,4
866,Maria Clara Fernandes,Pediatria,36941/SP,7
867,Isabel Moreira,Ortopedia,82628/PB,18
868,Raquel Costa,Pediatria,96585/PA,10
869,Lucca Peixoto,Pediatria,41135/PE,4
870,Vitória Aragão,Cardiologia,61498/CE,19
871,Emilly Costela,Neurologia,74349/MA,5
872,Miguel Caldeira,Cardiologia,57294/SE,1
873,Srta. Sarah Novaes,Ortopedia,21485/PR,10
874,Maria Alice Silva,Neurologia,72957/AP,7
875,Leonardo Silva,Cardiologia,13373/MG,7
876,Stephany Nogueira,Clínica Geral,93648/MG,10
877,Emanuelly da Rocha,Cardiologia,72071/CE,4
878,Davi Lucca da Rosa,Pediatria,62096/RJ,16
879,Srta. Vitória Silva,Ortopedia,96643/PB,9
880,Rafaela Souza,Cardiologia,94130/GO,18
881,Enzo Gabriel Gonçalves,Ortopedia,34232/RR,12
882,Marcos Vinicius Costa,Ortopedia,58418/CE,6
883,Augusto Teixeira,Ortopedia,15848/ES,9
884,Augusto da Conceição,Ortopedia,70956/GO,9
885,Gabriel Barros,Clínica Geral,45200/RS,19
886,Emanuel Teixeira,Cardiologia,29808/AM,4
887,Pietro Monteiro,Cardiologia,97574/RS,12
888,Isadora Martins,Neurologia,64262/AP,19
889,Dra. Emanuella Cunha,Clínica Geral,82561/PA,2
890,Evelyn Martins,Ortopedia,78495/AL,14
891,Alana Moraes,Neurologia,72236/ES,19
892,Sra. Camila Fernandes,Clínica Geral,72424/AC,10
893,Mirella Cavalcanti,Cardiologia,61747/SC,2
894,Dra. Isis Fernandes,Neurologia,84870/RS,17
895,Maria Vieira,Neurologia,98805/DF,20
896,Clarice Martins,Clínica Geral,25765/GO,15
897,Nathan Novaes,Clínica Geral,31910/BA,7
898,Daniela Pinto,Clínica Geral,26539/MS,2
899,Lucca Carvalho,Ortopedia,20271/PR,14
900,Lorenzo da Mata,Clínica Geral,92211/TO,5
901,Diogo Rodrigues,Neurologia,43801/SC,11
902,Pedro Gomes,Cardiologia,21406/AC,13
903,Davi Lucca da Luz,Neurologia,62082/TO,18
904,Nina da Mota,Pediatria,46202/AP,17
905,Breno Pereira,Ortopedia,11620/ES,20
906,Melissa Nunes,Neurologia,78493/AM,14
907,Dra. Beatriz Alves,Cardiologia,64321/RN,5
908,João Miguel Nogueira,Clínica Geral,84264/AC,19
909,André Barbosa,Neurologia,23133/BA,4
910,Vitor Cardoso,Neurologia,23237/GO,10
911,Pedro Lucas Alves,Neurologia,55071/SE,14
912,Calebe Viana,Pediatria,60206/SC,16
913,Sr. Eduardo Cunha,Neurologia,89817/PR,16
914,Laura da Cruz,Cardiologia,32570/MA,9
915,Dr. Davi Lucas Farias,Ortopedia,28855/AL,20
916,Olivia Fogaça,Neurologia,99235/RS,13
917,Ana Vitória Aragão,Cardiologia,61877/TO,11
918,Calebe Viana,Clínica Geral,16460/MA,16
919,Luiz Gustavo Peixoto,Pediatria,58816/BA,1
920,Enzo Gabriel Araújo,Pediatria,49722/ES,10
921,Joana da Conceição,Pediatria,74437/MS,4
922,Esther das Neves,Clínica Geral,27614/RO,10
923,Nina Correia,Ortopedia,52056/PR,9
924,Carlos Eduardo das Neves,Ortopedia,89295/AM,3
925,João Gabriel Cardoso,Clínica Geral,67896/RN,7
926,Sr. João Guilherme Cardoso,Ortopedia,73499/AL,17
927,Brenda da Luz,Pediatria,17367/PA,17
928,Helena da Mata,Clínica Geral,18600/RO,10
929,Brenda Jesus,Neurologia,62872/RN,5
930,João Felipe Cavalcanti,Neurologia,84537/GO,1
931,Mirella Moura,Clínica Geral,35265/GO,7
932,Srta. Valentina Almeida,Cardiologia,42701/BA,2
933,Bianca Lopes,Ortopedia,16626/BA,12
934,Lavínia Rocha,Clínica Geral,45910/TO,12
935,Carlos Eduardo Pereira,Ortopedia,76207/SC,13
936,Danilo Carvalho,Cardiologia,99282/MT,1
937,Diego Nogueira,Clínica Geral,58819/MS,16
938,Dr. Kevin Rocha,Neurologia,68471/RR,6
939,Maria Melo,Ortopedia,86923/BA,18
940,Elisa Nogueira,Pediatria,55121/PA,6
941,Luna Teixeira,Pediatria,21847/PI,10
942,Maria Alice Teixeira,Cardiologia,60667/TO,2
943,João Pedro Cardoso,Clínica Geral,85007/RJ,7
944,Sra. Marcela das Neves,Clínica Geral,94853/RR,8
945,Erick Moreira,Clínica Geral,45269/AC,14
946,Anthony Moreira,Neurologia,12628/PI,1
947,Beatriz Correia,Ortopedia,27342/AL,6
948,Dr. Yago Cunha,Neurologia,11109/MA,8
949,Bianca Vieira,Pediatria,89736/PA,10
950,Emanuel das Neves,Pediatria,65549/AL,13
951,Srta. Ana Vitória da Conceição,Pediatria,70161/MG,9
952,Srta. Pietra Pereira,Clínica Geral,71171/MS,10
953,Samuel Cavalcanti,Neurologia,91737/RO,13
954,Ana Julia Rocha,Neurologia,23410/TO,1
955,Bruna Araújo,Neurologia,96816/BA,12
956,Sr. Bruno Farias,Neurologia,94848/AP,20
957,Miguel Peixoto,Neurologia,47051/BA,10
958,Lucas Cunha,Cardiologia,73142/SC,3
959,Pietra Jesus,Pediatria,46239/PR,11
960,Rebeca Mendes,Pediatria,44229/PB,10
961,Olivia Alves,Clínica Geral,29651/MA,17
962,Davi Lucas Caldeira,Clínica Geral,17441/RS,20
963,Otávio da Luz,Ortopedia,96577/PE,11
964,André Novaes,Clínica Geral,13336/TO,16
965,Nina Ramos,Pediatria,44003/PI,14
966,Sra. Maria Julia Santos,Ortopedia,60891/MA,2
967,Srta. Lara da Cruz,Neurologia,84978/GO,7
968,Luiz Henrique Nascimento,Pediatria,39145/BA,18
969,Srta. Juliana Caldeira,Ortopedia,98063/ES,12
970,Carolina Cardoso,Neurologia,49347/TO,6
971,Sra. Luana Lopes,Neurologia,33741/RS,10
972,Juliana Nascimento,Cardiologia,71706/CE,5
973,João Lucas Pereira,Pediatria,83273/DF,6
974,Calebe Cavalcanti,Pediatria,95778/AP,3
975,Dr. Antônio Duarte,Clínica Geral,56567/MA,8
976,Marcelo Cavalcanti,Pediatria,65112/AP,11
977,Noah Alves,Pediatria,44152/SP,19
978,Diogo Vieira,Pediatria,70786/DF,4
979,Alícia Duarte,Ortopedia,17035/GO,19
980,Miguel Barbosa,Neurologia,91350/RJ,3
981,Amanda Barros,Ortopedia,35499/MT,17
982,Henrique Alves,Cardiologia,99220/MS,13
983,João Vitor Santos,Neurologia,49106/DF,14
984,Dr. Thiago Moraes,Cardiologia,29762/BA,5
985,Dra. Ana Luiza Melo,Clínica Geral,54914/PA,14
986,Dra. Ana Luiza Santos,Neurologia,69974/SE,5
987,Antônio Nascimento,Pediatria,33639/PR,3
988,Alícia Gonçalves,Ortopedia,53598/CE,6
989,Rodrigo Rezende,Pediatria,93165/AP,2
990,Ana Laura Dias,Cardiologia,69251/DF,9
991,Milena da Conceição,Clínica Geral,32099/SP,19
992,Srta. Lívia Silveira,Clínica Geral,74169/SC,3
993,Milena Silveira,Clínica Geral,90541/SP,14
994,Dr. Yuri Costela,Ortopedia,62873/MT,14
995,João Guilherme Pinto,Ortopedia,60242/AL,1
996,Dra. Joana Duarte,Cardiologia,79963/DF,7
997,Maria Cardoso,Pediatria,11845/BA,11
998,Marina Sales,Neurologia,34979/AM,1
999,Danilo Lima,Cardiologia,92141/PI,8
1000,Luiz Felipe Castro,Clínica Geral,55134/PB,10
