id_receita,id_consulta,medicamento,dosagem,inicio,fim
1,720,Paracetamol,1x ao dia,2025-05-15,2025-05-31
2,3,Losartana,1x ao dia,2025-01-15,2025-01-31
3,572,Omeprazol,1x ao dia,2024-09-05,2024-09-13
4,62,Metformina,2x ao dia,2024-07-31,2024-08-29
5,839,Losartana,2x ao dia,2025-02-01,2025-02-20
6,148,Omeprazol,1x ao dia,2025-06-12,2025-06-23
7,848,Losartana,1x ao dia,2024-08-05,2024-09-02
8,142,Paracetamol,1x a cada 8h,2024-11-04,2024-12-01
9,147,Omeprazol,1x a cada 8h,2024-11-07,2024-11-12
10,713,Omeprazol,2x ao dia,2025-03-08,2025-03-14
11,719,Paracetamol,1x a cada 8h,2024-12-19,2025-01-11
12,76,Omeprazol,1x a cada 8h,2024-11-16,2024-11-26
13,31,Losartana,2x ao dia,2025-06-09,2025-06-18
14,81,Losartana,1x ao dia,2024-08-24,2024-08-29
15,583,Omeprazol,1x ao dia,2024-08-15,2024-09-13
16,187,Omeprazol,1x a cada 8h,2024-11-08,2024-11-17
17,767,Metformina,2x ao dia,2025-06-19,2025-07-07
18,740,Metformina,2x ao dia,2025-03-16,2025-04-15
19,661,Paracetamol,2x ao dia,2024-12-19,2024-12-27
20,160,Paracetamol,1x a cada 8h,2025-01-31,2025-02-06
21,619,Losartana,1x a cada 8h,2024-07-30,2024-08-09
22,12,Omeprazol,2x ao dia,2025-06-23,2025-07-19
23,971,Omeprazol,1x a cada 8h,2024-12-18,2025-01-14
24,850,Metformina,1x a cada 8h,2024-12-19,2025-01-09
25,314,Losartana,2x ao dia,2025-01-11,2025-01-21
26,279,Paracetamol,1x a cada 8h,2024-08-09,2024-08-26
27,974,Losartana,1x a cada 8h,2024-10-18,2024-10-29
28,411,Paracetamol,1x ao dia,2024-10-10,2024-10-27
29,189,Paracetamol,1x a cada 8h,2024-12-17,2025-01-05
30,489,Metformina,1x a cada 8h,2024-10-02,2024-10-27
31,415,Omeprazol,1x ao dia,2025-04-05,2025-04-11
32,823,Metformina,1x a cada 8h,2025-01-06,2025-01-24
33,200,Metformina,1x ao dia,2025-02-14,2025-02-22
34,80,Metformina,1x a cada 8h,2024-08-12,2024-09-10
35,867,Metformina,1x ao dia,2025-04-05,2025-04-17
36,289,Losartana,1x a cada 8h,2024-11-18,2024-11-26
37,67,Losartana,1x a cada 8h,2024-08-04,2024-08-09
38,775,Metformina,1x ao dia,2025-02-18,2025-03-12
39,207,Paracetamol,1x ao dia,2025-05-15,2025-05-28
40,88,Paracetamol,1x a cada 8h,2024-12-05,2025-01-04
41,496,Paracetamol,1x ao dia,2025-07-21,2025-08-05
42,96,Metformina,1x ao dia,2024-08-02,2024-08-18
43,770,Metformina,2x ao dia,2025-07-11,2025-08-01
44,200,Metformina,2x ao dia,2025-03-16,2025-04-13
45,365,Losartana,1x a cada 8h,2025-05-12,2025-06-07
46,100,Metformina,2x ao dia,2025-07-04,2025-08-01
47,516,Paracetamol,1x a cada 8h,2024-11-30,2024-12-30
48,794,Losartana,1x ao dia,2025-07-16,2025-08-08
49,816,Omeprazol,2x ao dia,2025-06-09,2025-07-02
50,890,Paracetamol,2x ao dia,2025-07-10,2025-07-20
51,156,Omeprazol,1x ao dia,2024-11-01,2024-11-26
52,96,Losartana,1x ao dia,2025-06-02,2025-07-02
53,698,Losartana,1x a cada 8h,2025-05-11,2025-05-21
54,987,Metformina,2x ao dia,2025-03-09,2025-04-08
55,135,Metformina,2x ao dia,2024-10-15,2024-10-31
56,639,Omeprazol,1x ao dia,2025-05-13,2025-06-09
57,793,Omeprazol,1x ao dia,2024-08-02,2024-08-13
58,626,Paracetamol,1x ao dia,2024-12-02,2024-12-25
59,643,Omeprazol,1x ao dia,2025-04-30,2025-05-30
60,16,Losartana,2x ao dia,2025-06-10,2025-07-02
61,889,Paracetamol,2x ao dia,2025-03-21,2025-03-29
62,466,Metformina,1x ao dia,2025-01-07,2025-01-21
63,166,Paracetamol,2x ao dia,2025-06-24,2025-07-17
64,373,Metformina,1x ao dia,2025-01-05,2025-01-12
65,184,Omeprazol,2x ao dia,2025-05-22,2025-06-11
66,263,Omeprazol,1x a cada 8h,2025-05-02,2025-05-11
67,963,Paracetamol,1x a cada 8h,2025-07-18,2025-08-07
68,41,Metformina,2x ao dia,2025-05-04,2025-05-21
69,419,Losartana,2x ao dia,2025-05-11,2025-05-27
70,525,Metformina,2x ao dia,2024-08-14,2024-08-21
71,699,Omeprazol,1x a cada 8h,2025-06-01,2025-06-20
72,270,Paracetamol,1x a cada 8h,2024-09-03,2024-09-28
73,59,Losartana,1x a cada 8h,2025-02-22,2025-03-16
74,9,Losartana,1x ao dia,2024-12-20,2025-01-03
75,385,Losartana,1x a cada 8h,2025-04-29,2025-05-16
76,875,Paracetamol,1x ao dia,2025-07-20,2025-08-06
77,896,Omeprazol,1x a cada 8h,2025-04-12,2025-04-19
78,358,Omeprazol,2x ao dia,2024-11-11,2024-12-06
79,548,Omeprazol,1x ao dia,2025-06-21,2025-06-28
80,185,Paracetamol,2x ao dia,2025-07-22,2025-08-20
81,444,Losartana,2x ao dia,2025-02-15,2025-03-02
82,67,Metformina,2x ao dia,2025-01-19,2025-02-12
83,498,Losartana,1x a cada 8h,2025-01-03,2025-01-31
84,488,Paracetamol,2x ao dia,2025-03-02,2025-03-21
85,40,Losartana,2x ao dia,2025-04-28,2025-05-07
86,656,Losartana,2x ao dia,2025-02-28,2025-03-23
87,33,Omeprazol,1x ao dia,2025-05-17,2025-06-16
88,371,Omeprazol,2x ao dia,2025-02-09,2025-02-20
89,56,Losartana,1x ao dia,2024-11-01,2024-11-30
90,701,Omeprazol,2x ao dia,2024-09-24,2024-10-07
91,651,Losartana,1x ao dia,2024-12-18,2024-12-27
92,71,Metformina,2x ao dia,2025-01-20,2025-01-27
93,306,Omeprazol,2x ao dia,2025-05-08,2025-05-29
94,220,Metformina,1x ao dia,2025-07-17,2025-07-23
95,95,Omeprazol,2x ao dia,2024-10-23,2024-11-21
96,305,Losartana,1x ao dia,2024-09-12,2024-09-28
97,965,Omeprazol,2x ao dia,2025-07-10,2025-07-30
98,549,Losartana,1x a cada 8h,2024-07-28,2024-08-15
99,364,Omeprazol,1x ao dia,2024-11-09,2024-12-01
100,802,Losartana,1x ao dia,2025-05-29,2025-06-26
101,684,Losartana,2x ao dia,2025-04-14,2025-05-10
102,844,Metformina,1x ao dia,2024-11-06,2024-11-15
103,919,Omeprazol,1x ao dia,2024-08-25,2024-09-14
104,886,Metformina,1x ao dia,2024-10-28,2024-11-27
105,994,Omeprazol,2x ao dia,2025-05-18,2025-06-08
106,740,Paracetamol,2x ao dia,2025-02-18,2025-02-27
107,650,Omeprazol,1x a cada 8h,2024-11-14,2024-12-07
108,100,Paracetamol,1x ao dia,2024-12-01,2024-12-29
109,193,Omeprazol,1x a cada 8h,2025-03-01,2025-03-23
110,793,Losartana,1x a cada 8h,2024-12-23,2025-01-09
111,222,Metformina,1x ao dia,2024-08-06,2024-08-17
112,996,Paracetamol,2x ao dia,2025-03-19,2025-04-04
113,17,Metformina,2x ao dia,2024-11-06,2024-11-27
114,839,Paracetamol,1x a cada 8h,2024-12-10,2024-12-30
115,665,Omeprazol,2x ao dia,2024-11-04,2024-11-22
116,361,Metformina,1x a cada 8h,2025-04-05,2025-04-23
117,536,Metformina,1x ao dia,2024-10-28,2024-11-07
118,470,Omeprazol,2x ao dia,2025-05-22,2025-06-01
119,567,Losartana,1x a cada 8h,2025-04-02,2025-04-20
120,391,Metformina,1x a cada 8h,2025-06-02,2025-06-29
121,697,Omeprazol,1x a cada 8h,2025-05-18,2025-06-01
122,719,Paracetamol,1x ao dia,2025-03-16,2025-04-15
123,858,Paracetamol,1x ao dia,2024-07-27,2024-08-21
124,17,Omeprazol,1x ao dia,2024-09-09,2024-09-29
125,768,Paracetamol,1x a cada 8h,2024-11-19,2024-12-08
126,516,Paracetamol,1x a cada 8h,2025-02-28,2025-03-14
127,873,Omeprazol,1x ao dia,2025-04-05,2025-04-17
128,796,Omeprazol,1x a cada 8h,2024-11-24,2024-12-11
129,118,Losartana,2x ao dia,2025-06-12,2025-06-20
130,360,Omeprazol,2x ao dia,2024-11-02,2024-11-27
131,721,Omeprazol,1x ao dia,2025-06-17,2025-07-03
132,801,Losartana,1x a cada 8h,2024-09-30,2024-10-14
133,275,Metformina,2x ao dia,2025-01-11,2025-02-10
134,932,Omeprazol,1x a cada 8h,2025-01-18,2025-01-30
135,5,Omeprazol,1x ao dia,2024-07-29,2024-08-03
136,27,Losartana,2x ao dia,2025-01-09,2025-01-30
137,840,Metformina,2x ao dia,2024-07-26,2024-08-05
138,983,Omeprazol,1x ao dia,2025-01-20,2025-02-11
139,997,Omeprazol,1x ao dia,2024-08-06,2024-08-30
140,660,Omeprazol,1x ao dia,2024-12-09,2025-01-08
141,955,Omeprazol,1x ao dia,2025-01-25,2025-02-19
142,400,Losartana,2x ao dia,2025-03-27,2025-04-11
143,530,Losartana,2x ao dia,2025-06-15,2025-06-27
144,102,Losartana,1x a cada 8h,2025-02-24,2025-03-04
145,647,Omeprazol,1x a cada 8h,2024-10-15,2024-10-28
146,858,Losartana,2x ao dia,2024-12-28,2025-01-08
147,96,Paracetamol,1x ao dia,2024-08-14,2024-09-01
148,12,Losartana,1x ao dia,2025-03-05,2025-03-29
149,725,Paracetamol,1x a cada 8h,2025-07-22,2025-08-08
150,26,Losartana,2x ao dia,2024-08-22,2024-09-16
151,647,Metformina,1x ao dia,2024-11-07,2024-11-19
152,669,Losartana,2x ao dia,2025-07-06,2025-07-17
153,549,Losartana,1x a cada 8h,2025-03-17,2025-04-15
154,827,Omeprazol,2x ao dia,2025-02-22,2025-03-20
155,53,Metformina,1x ao dia,2024-11-21,2024-11-30
156,643,Paracetamol,1x a cada 8h,2024-08-16,2024-09-08
157,888,Paracetamol,1x ao dia,2025-01-10,2025-01-29
158,950,Paracetamol,1x ao dia,2024-09-30,2024-10-09
159,290,Metformina,1x ao dia,2024-10-31,2024-11-07
160,80,Omeprazol,2x ao dia,2025-05-16,2025-05-27
161,401,Paracetamol,2x ao dia,2025-05-24,2025-06-23
162,23,Omeprazol,1x ao dia,2024-11-07,2024-11-27
163,983,Paracetamol,1x ao dia,2024-10-31,2024-11-26
164,430,Omeprazol,2x ao dia,2025-06-25,2025-07-20
165,931,Omeprazol,1x ao dia,2025-01-31,2025-02-10
166,306,Paracetamol,1x ao dia,2024-09-10,2024-10-06
167,581,Paracetamol,1x ao dia,2024-10-19,2024-11-03
168,356,Omeprazol,1x a cada 8h,2025-03-24,2025-04-17
169,560,Paracetamol,1x ao dia,2024-09-28,2024-10-19
170,760,Metformina,1x ao dia,2024-09-18,2024-09-29
171,621,Paracetamol,1x a cada 8h,2025-06-26,2025-07-01
172,531,Losartana,1x ao dia,2025-03-19,2025-04-04
173,118,Losartana,1x ao dia,2025-04-03,2025-04-18
174,142,Losartana,1x ao dia,2024-08-11,2024-09-08
175,709,Losartana,2x ao dia,2024-10-21,2024-11-03
176,494,Losartana,1x ao dia,2024-09-05,2024-09-21
177,726,Metformina,2x ao dia,2025-04-03,2025-05-01
178,829,Omeprazol,2x ao dia,2024-08-06,2024-08-27
179,970,Omeprazol,1x ao dia,2024-10-02,2024-10-15
180,178,Losartana,1x a cada 8h,2025-04-14,2025-05-11
181,288,Omeprazol,1x ao dia,2025-02-04,2025-02-27
182,813,Metformina,1x ao dia,2025-06-22,2025-07-22
183,211,Omeprazol,2x ao dia,2025-01-09,2025-01-28
184,434,Metformina,2x ao dia,2025-03-05,2025-03-29
185,111,Omeprazol,2x ao dia,2024-11-23,2024-12-04
186,581,Metformina,2x ao dia,2024-08-08,2024-09-02
187,840,Paracetamol,2x ao dia,2025-02-22,2025-03-04
188,911,Paracetamol,1x a cada 8h,2025-04-27,2025-05-10
189,601,Omeprazol,2x ao dia,2024-10-19,2024-11-12
190,847,Metformina,2x ao dia,2024-08-15,2024-08-20
191,118,Losartana,2x ao dia,2025-04-26,2025-05-14
192,810,Losartana,2x ao dia,2024-10-31,2024-11-12
193,75,Losartana,1x a cada 8h,2024-10-30,2024-11-15
194,381,Losartana,2x ao dia,2024-07-29,2024-08-06
195,10,Metformina,1x a cada 8h,2025-04-12,2025-04-17
196,735,Metformina,1x ao dia,2025-06-16,2025-07-05
197,582,Metformina,1x ao dia,2025-06-21,2025-07-13
198,68,Omeprazol,2x ao dia,2025-06-17,2025-07-11
199,218,Losartana,1x ao dia,2024-12-07,2024-12-29
200,285,Paracetamol,1x a cada 8h,2025-02-17,2025-03-14
201,432,Omeprazol,2x ao dia,2025-04-27,2025-05-12
202,203,Losartana,1x ao dia,2024-08-09,2024-09-08
203,506,Omeprazol,1x ao dia,2025-03-13,2025-03-26
204,432,Paracetamol,1x ao dia,2024-10-22,2024-11-10
205,176,Metformina,1x a cada 8h,2024-12-05,2024-12-22
206,243,Paracetamol,2x ao dia,2024-09-03,2024-09-08
207,660,Paracetamol,2x ao dia,2024-08-22,2024-09-05
208,135,Omeprazol,1x ao dia,2025-02-04,2025-02-26
209,941,Paracetamol,2x ao dia,2025-01-11,2025-02-05
210,17,Paracetamol,2x ao dia,2024-09-04,2024-09-12
211,850,Omeprazol,1x a cada 8h,2025-02-06,2025-02-20
212,282,Metformina,2x ao dia,2024-08-22,2024-09-08
213,82,Metformina,2x ao dia,2024-10-23,2024-11-16
214,49,Omeprazol,2x ao dia,2024-10-10,2024-11-06
215,466,Omeprazol,1x a cada 8h,2024-11-26,2024-12-04
216,864,Metformina,1x a cada 8h,2025-03-01,2025-03-09
217,30,Losartana,1x ao dia,2024-12-14,2024-12-19
218,143,Paracetamol,2x ao dia,2025-06-10,2025-07-07
219,742,Omeprazol,1x ao dia,2025-06-07,2025-06-17
220,91,Losartana,1x a cada 8h,2025-04-13,2025-05-13
221,378,Paracetamol,1x a cada 8h,2024-12-31,2025-01-06
222,266,Paracetamol,1x ao dia,2024-08-19,2024-08-25
223,970,Metformina,1x ao dia,2025-03-29,2025-04-11
224,338,Omeprazol,2x ao dia,2025-01-04,2025-01-31
225,175,Losartana,1x a cada 8h,2025-06-28,2025-07-17
226,123,Losartana,2x ao dia,2024-11-09,2024-11-18
227,772,Omeprazol,1x a cada 8h,2024-09-16,2024-10-05
228,685,Paracetamol,1x a cada 8h,2024-08-01,2024-08-22
229,247,Omeprazol,1x a cada 8h,2024-11-26,2024-12-16
230,1000,Metformina,2x ao dia,2025-03-15,2025-04-13
231,749,Omeprazol,1x ao dia,2025-05-25,2025-06-01
232,271,Metformina,1x a cada 8h,2024-12-09,2024-12-16
233,362,Losartana,1x a cada 8h,2024-11-30,2024-12-25
234,753,Losartana,1x a cada 8h,2024-12-28,2025-01-04
235,77,Omeprazol,1x ao dia,2025-07-06,2025-07-17
236,14,Losartana,2x ao dia,2025-04-02,2025-04-19
237,193,Omeprazol,1x ao dia,2024-12-15,2024-12-30
238,214,Metformina,2x ao dia,2025-01-21,2025-02-17
239,465,Losartana,1x a cada 8h,2024-11-14,2024-11-22
240,937,Losartana,1x ao dia,2025-03-21,2025-04-06
241,395,Omeprazol,1x a cada 8h,2024-08-04,2024-08-25
242,208,Omeprazol,1x ao dia,2024-09-23,2024-09-30
243,285,Omeprazol,1x ao dia,2024-12-13,2025-01-08
244,315,Paracetamol,1x ao dia,2024-08-09,2024-08-28
245,898,Paracetamol,1x a cada 8h,2024-11-12,2024-11-20
246,247,Paracetamol,2x ao dia,2025-07-19,2025-07-29
247,274,Paracetamol,2x ao dia,2024-09-19,2024-10-15
248,544,Omeprazol,2x ao dia,2025-07-12,2025-07-25
249,122,Paracetamol,2x ao dia,2025-03-09,2025-03-27
250,218,Losartana,2x ao dia,2024-08-01,2024-08-22
251,442,Metformina,1x ao dia,2024-09-02,2024-09-21
252,280,Metformina,1x ao dia,2025-03-16,2025-03-22
253,665,Omeprazol,1x a cada 8h,2024-10-13,2024-10-31
254,199,Metformina,1x ao dia,2025-06-01,2025-06-18
255,181,Metformina,1x a cada 8h,2024-11-21,2024-12-15
256,506,Omeprazol,1x ao dia,2025-02-06,2025-03-04
257,52,Losartana,1x ao dia,2025-04-26,2025-05-08
258,118,Paracetamol,1x ao dia,2025-05-22,2025-06-14
259,273,Losartana,1x ao dia,2025-05-07,2025-05-29
260,104,Metformina,1x ao dia,2025-02-05,2025-03-01
261,717,Omeprazol,2x ao dia,2025-05-23,2025-06-09
262,104,Losartana,1x a cada 8h,2025-03-05,2025-04-01
263,275,Omeprazol,1x ao dia,2025-04-25,2025-05-05
264,805,Losartana,2x ao dia,2024-12-03,2024-12-28
265,295,Metformina,1x a cada 8h,2025-07-23,2025-07-28
266,97,Losartana,1x a cada 8h,2024-10-14,2024-11-10
267,638,Omeprazol,1x a cada 8h,2024-12-17,2024-12-31
268,874,Losartana,1x ao dia,2025-06-10,2025-06-25
269,698,Paracetamol,1x ao dia,2025-03-06,2025-03-16
270,341,Omeprazol,1x ao dia,2024-08-04,2024-08-09
271,683,Omeprazol,2x ao dia,2025-04-04,2025-04-19
272,22,Losartana,2x ao dia,2025-05-01,2025-05-08
273,175,Paracetamol,1x a cada 8h,2024-09-19,2024-10-05
274,993,Omeprazol,1x a cada 8h,2024-12-18,2024-12-23
275,501,Losartana,2x ao dia,2025-05-15,2025-05-23
276,47,Paracetamol,1x a cada 8h,2025-04-01,2025-04-27
277,298,Losartana,1x a cada 8h,2024-08-22,2024-09-12
278,172,Losartana,1x ao dia,2024-08-22,2024-08-30
279,312,Metformina,2x ao dia,2025-07-21,2025-08-10
280,753,Metformina,1x a cada 8h,2024-10-18,2024-10-31
281,680,Omeprazol,2x ao dia,2025-02-27,2025-03-15
282,470,Paracetamol,2x ao dia,2025-02-03,2025-02-17
283,728,Metformina,1x a cada 8h,2025-03-03,2025-04-01
284,680,Omeprazol,1x ao dia,2025-03-24,2025-04-06
285,703,Paracetamol,1x ao dia,2025-02-20,2025-03-10
286,877,Losartana,1x a cada 8h,2025-05-04,2025-05-13
287,366,Omeprazol,1x ao dia,2025-01-01,2025-01-13
288,592,Omeprazol,2x ao dia,2025-02-17,2025-02-28
289,763,Paracetamol,1x ao dia,2025-05-03,2025-05-20
290,655,Paracetamol,2x ao dia,2024-09-08,2024-10-03
291,696,Omeprazol,1x a cada 8h,2025-06-17,2025-06-27
292,272,Metformina,2x ao dia,2025-06-29,2025-07-16
293,604,Omeprazol,2x ao dia,2025-02-12,2025-02-26
294,196,Paracetamol,1x a cada 8h,2025-05-28,2025-06-18
295,719,Metformina,1x a cada 8h,2024-08-11,2024-08-19
296,444,Omeprazol,1x a cada 8h,2025-03-15,2025-04-14
297,812,Metformina,2x ao dia,2025-01-22,2025-01-30
298,993,Paracetamol,2x ao dia,2025-04-05,2025-05-01
299,151,Omeprazol,1x a cada 8h,2025-02-11,2025-02-20
300,536,Metformina,1x a cada 8h,2025-02-10,2025-03-04
301,681,Losartana,2x ao dia,2025-01-10,2025-01-30
302,296,Paracetamol,2x ao dia,2024-11-23,2024-11-28
303,465,Paracetamol,1x ao dia,2024-11-04,2024-11-18
304,846,Paracetamol,1x ao dia,2024-10-06,2024-10-26
305,314,Paracetamol,2x ao dia,2025-06-12,2025-06-28
306,677,Paracetamol,1x ao dia,2025-03-03,2025-03-16
307,142,Metformina,2x ao dia,2024-11-13,2024-12-13
308,880,Losartana,1x ao dia,2025-07-11,2025-08-07
309,278,Losartana,1x a cada 8h,2024-10-25,2024-11-05
310,443,Paracetamol,2x ao dia,2024-11-27,2024-12-09
311,33,Omeprazol,2x ao dia,2024-10-25,2024-11-06
312,832,Omeprazol,2x ao dia,2025-05-29,2025-06-15
313,991,Paracetamol,2x ao dia,2025-05-17,2025-05-31
314,612,Metformina,1x ao dia,2024-12-10,2025-01-02
315,447,Metformina,1x a cada 8h,2024-10-20,2024-10-29
316,700,Losartana,2x ao dia,2025-01-16,2025-01-25
317,427,Losartana,2x ao dia,2024-11-22,2024-12-06
318,88,Metformina,1x a cada 8h,2025-05-09,2025-06-03
319,473,Losartana,2x ao dia,2024-09-05,2024-10-05
320,897,Omeprazol,1x ao dia,2025-04-18,2025-04-27
321,540,Omeprazol,1x a cada 8h,2024-10-24,2024-11-08
322,516,Metformina,2x ao dia,2025-01-11,2025-01-27
323,438,Omeprazol,2x ao dia,2025-05-03,2025-05-21
324,473,Paracetamol,1x a cada 8h,2025-06-29,2025-07-04
325,981,Omeprazol,1x ao dia,2024-12-29,2025-01-27
326,144,Metformina,1x ao dia,2024-12-10,2025-01-02
327,525,Metformina,1x ao dia,2024-08-22,2024-09-15
328,557,Metformina,1x ao dia,2024-12-06,2025-01-04
329,866,Omeprazol,1x ao dia,2025-02-25,2025-03-14
330,687,Paracetamol,2x ao dia,2025-02-04,2025-03-06
331,782,Omeprazol,1x ao dia,2024-08-21,2024-08-28
332,57,Metformina,1x a cada 8h,2025-07-13,2025-07-21
333,342,Paracetamol,2x ao dia,2024-12-10,2025-01-02
334,494,Metformina,1x ao dia,2025-04-02,2025-04-10
335,759,Paracetamol,1x a cada 8h,2025-01-27,2025-02-07
336,529,Losartana,1x a cada 8h,2025-03-15,2025-04-12
337,991,Omeprazol,1x ao dia,2024-10-20,2024-11-01
338,917,Losartana,2x ao dia,2025-01-13,2025-02-07
339,319,Paracetamol,2x ao dia,2025-05-24,2025-06-17
340,705,Losartana,1x ao dia,2025-01-01,2025-01-08
341,1,Losartana,1x a cada 8h,2024-10-20,2024-10-28
342,533,Paracetamol,1x ao dia,2025-03-01,2025-03-12
343,107,Omeprazol,1x ao dia,2025-06-09,2025-06-30
344,455,Omeprazol,1x ao dia,2025-06-09,2025-06-17
345,308,Omeprazol,2x ao dia,2024-09-09,2024-09-19
346,840,Losartana,1x a cada 8h,2025-07-17,2025-07-30
347,842,Omeprazol,1x a cada 8h,2025-02-16,2025-03-12
348,127,Omeprazol,1x ao dia,2024-10-26,2024-11-20
349,23,Losartana,1x ao dia,2025-05-20,2025-06-17
350,674,Losartana,1x ao dia,2025-07-11,2025-08-01
351,760,Losartana,2x ao dia,2024-12-28,2025-01-17
352,297,Metformina,1x a cada 8h,2025-04-10,2025-04-18
353,983,Omeprazol,2x ao dia,2025-03-07,2025-04-02
354,282,Omeprazol,2x ao dia,2025-04-07,2025-05-04
355,820,Paracetamol,2x ao dia,2024-09-14,2024-10-02
356,834,Omeprazol,1x ao dia,2025-03-15,2025-03-20
357,291,Omeprazol,1x ao dia,2024-11-01,2024-11-24
358,399,Paracetamol,1x a cada 8h,2025-05-28,2025-06-11
359,35,Omeprazol,1x ao dia,2024-11-11,2024-11-27
360,986,Losartana,2x ao dia,2024-12-02,2024-12-30
361,470,Metformina,1x ao dia,2024-11-21,2024-12-01
362,367,Losartana,2x ao dia,2024-09-06,2024-10-03
363,538,Omeprazol,1x a cada 8h,2024-08-23,2024-08-30
364,179,Losartana,2x ao dia,2024-12-28,2025-01-22
365,737,Metformina,2x ao dia,2025-01-02,2025-01-29
366,880,Losartana,2x ao dia,2025-02-04,2025-03-06
367,781,Metformina,2x ao dia,2024-09-18,2024-09-25
368,939,Omeprazol,2x ao dia,2025-03-03,2025-03-23
369,621,Losartana,1x a cada 8h,2025-01-30,2025-02-26
370,950,Metformina,1x ao dia,2025-03-25,2025-04-21
371,332,Metformina,1x a cada 8h,2025-06-30,2025-07-24
372,850,Omeprazol,1x ao dia,2025-05-19,2025-05-25
373,31,Losartana,1x ao dia,2024-10-07,2024-10-15
374,682,Paracetamol,2x ao dia,2025-07-07,2025-08-02
375,488,Metformina,1x ao dia,2024-09-30,2024-10-29
376,828,Losartana,1x ao dia,2025-06-28,2025-07-08
377,746,Omeprazol,2x ao dia,2025-01-15,2025-01-22
378,64,Metformina,1x ao dia,2024-07-29,2024-08-04
379,868,Paracetamol,2x ao dia,2024-09-25,2024-10-24
380,384,Paracetamol,1x ao dia,2024-09-07,2024-09-22
381,111,Omeprazol,2x ao dia,2025-01-01,2025-01-10
382,653,Losartana,1x ao dia,2024-11-02,2024-11-15
383,503,Omeprazol,1x a cada 8h,2025-05-16,2025-05-30
384,231,Losartana,1x a cada 8h,2025-02-23,2025-03-05
385,445,Losartana,1x ao dia,2025-04-25,2025-05-18
386,25,Paracetamol,1x ao dia,2025-07-19,2025-07-25
387,830,Losartana,1x ao dia,2025-01-21,2025-02-06
388,793,Omeprazol,1x a cada 8h,2025-05-07,2025-05-29
389,886,Paracetamol,2x ao dia,2024-08-31,2024-09-10
390,699,Omeprazol,1x ao dia,2024-09-10,2024-09-21
391,585,Omeprazol,1x a cada 8h,2025-06-25,2025-07-11
392,366,Losartana,1x ao dia,2024-08-05,2024-08-24
393,438,Omeprazol,1x ao dia,2025-06-11,2025-07-04
394,81,Losartana,1x a cada 8h,2025-01-06,2025-01-20
395,104,Paracetamol,2x ao dia,2024-08-01,2024-08-13
396,53,Metformina,1x ao dia,2025-04-16,2025-04-28
397,842,Metformina,2x ao dia,2024-09-25,2024-10-12
398,721,Metformina,1x ao dia,2024-08-20,2024-08-30
399,992,Metformina,1x ao dia,2024-09-12,2024-10-04
400,590,Losartana,1x a cada 8h,2025-02-07,2025-03-03
401,513,Metformina,2x ao dia,2025-06-24,2025-07-18
402,59,Paracetamol,1x a cada 8h,2025-02-13,2025-03-05
403,960,Metformina,1x a cada 8h,2025-07-14,2025-07-19
404,34,Metformina,2x ao dia,2024-12-20,2025-01-02
405,206,Metformina,1x ao dia,2025-07-09,2025-07-18
406,210,Metformina,1x a cada 8h,2025-01-03,2025-01-09
407,242,Omeprazol,1x ao dia,2024-12-07,2025-01-06
408,971,Paracetamol,2x ao dia,2024-09-10,2024-09-17
409,973,Omeprazol,1x a cada 8h,2024-12-26,2025-01-23
410,628,Paracetamol,1x a cada 8h,2025-04-19,2025-05-09
411,970,Losartana,2x ao dia,2025-02-24,2025-03-24
412,43,Paracetamol,1x ao dia,2024-10-24,2024-11-13
413,520,Losartana,1x a cada 8h,2025-04-25,2025-05-11
414,442,Omeprazol,2x ao dia,2024-11-13,2024-12-13
415,871,Losartana,1x ao dia,2024-09-07,2024-09-13
416,27,Losartana,1x a cada 8h,2024-11-30,2024-12-24
417,881,Omeprazol,1x a cada 8h,2025-07-06,2025-08-01
418,756,Paracetamol,1x a cada 8h,2025-06-08,2025-06-28
419,54,Omeprazol,2x ao dia,2025-07-06,2025-08-02
420,129,Omeprazol,1x a cada 8h,2024-11-30,2024-12-18
421,563,Losartana,1x ao dia,2025-03-09,2025-03-28
422,121,Metformina,2x ao dia,2025-03-16,2025-03-27
423,352,Omeprazol,1x ao dia,2025-03-19,2025-03-31
424,238,Paracetamol,1x a cada 8h,2024-09-02,2024-09-07
425,233,Omeprazol,1x a cada 8h,2025-04-29,2025-05-28
426,910,Paracetamol,1x ao dia,2024-08-09,2024-09-06
427,256,Paracetamol,1x ao dia,2024-08-20,2024-08-26
428,130,Omeprazol,1x ao dia,2025-05-05,2025-05-19
429,45,Metformina,2x ao dia,2025-07-15,2025-08-08
430,671,Losartana,2x ao dia,2024-12-07,2024-12-16
431,621,Omeprazol,2x ao dia,2025-01-13,2025-02-08
432,126,Paracetamol,1x ao dia,2025-07-11,2025-07-24
433,961,Losartana,2x ao dia,2024-12-28,2025-01-24
434,753,Metformina,1x ao dia,2025-03-24,2025-04-12
435,731,Metformina,2x ao dia,2025-01-13,2025-02-11
436,565,Metformina,1x a cada 8h,2025-05-06,2025-05-18
437,540,Metformina,2x ao dia,2025-06-12,2025-07-09
438,555,Paracetamol,1x ao dia,2025-01-08,2025-01-24
439,923,Omeprazol,1x a cada 8h,2024-11-12,2024-12-06
440,498,Metformina,1x ao dia,2025-05-13,2025-05-24
441,934,Losartana,1x a cada 8h,2025-01-24,2025-02-05
442,313,Losartana,1x ao dia,2025-04-20,2025-05-06
443,743,Losartana,1x ao dia,2024-09-13,2024-09-25
444,716,Omeprazol,1x a cada 8h,2025-05-03,2025-06-01
445,465,Paracetamol,1x ao dia,2024-10-02,2024-10-22
446,857,Paracetamol,2x ao dia,2025-04-30,2025-05-13
447,603,Omeprazol,2x ao dia,2025-05-16,2025-05-23
448,62,Metformina,1x a cada 8h,2025-03-08,2025-03-25
449,508,Paracetamol,2x ao dia,2025-07-13,2025-07-30
450,455,Paracetamol,1x ao dia,2025-06-06,2025-06-17
451,389,Losartana,1x a cada 8h,2025-07-21,2025-08-08
452,546,Paracetamol,1x a cada 8h,2025-02-05,2025-02-19
453,33,Metformina,1x ao dia,2024-08-24,2024-09-17
454,773,Metformina,2x ao dia,2024-09-20,2024-10-20
455,772,Losartana,1x ao dia,2025-07-05,2025-07-20
456,744,Omeprazol,2x ao dia,2024-07-26,2024-08-25
457,747,Paracetamol,1x ao dia,2025-03-10,2025-04-01
458,398,Metformina,1x a cada 8h,2025-03-10,2025-03-29
459,435,Metformina,1x ao dia,2024-12-13,2024-12-30
460,479,Losartana,1x ao dia,2025-04-10,2025-04-15
461,288,Metformina,1x ao dia,2025-04-01,2025-04-13
462,790,Metformina,2x ao dia,2025-01-15,2025-02-07
463,405,Paracetamol,1x a cada 8h,2024-12-17,2024-12-30
464,371,Metformina,1x a cada 8h,2024-11-24,2024-12-07
465,802,Paracetamol,1x ao dia,2025-01-09,2025-01-23
466,583,Metformina,2x ao dia,2024-09-29,2024-10-09
467,455,Omeprazol,1x ao dia,2025-02-05,2025-02-24
468,10,Omeprazol,1x ao dia,2025-04-29,2025-05-15
469,492,Losartana,2x ao dia,2025-03-08,2025-03-14
470,594,Paracetamol,2x ao dia,2024-11-08,2024-12-02
471,565,Metformina,1x ao dia,2025-05-19,2025-06-07
472,185,Metformina,2x ao dia,2024-08-29,2024-09-11
473,890,Omeprazol,1x ao dia,2024-10-21,2024-11-02
474,646,Losartana,1x ao dia,2024-11-15,2024-12-09
475,672,Paracetamol,1x ao dia,2025-01-30,2025-02-07
476,671,Paracetamol,1x ao dia,2024-12-02,2024-12-28
477,519,Omeprazol,1x a cada 8h,2024-08-10,2024-08-25
478,43,Losartana,1x ao dia,2025-02-27,2025-03-26
479,266,Metformina,1x ao dia,2025-02-09,2025-03-07
480,866,Metformina,1x a cada 8h,2025-07-06,2025-08-02
481,46,Losartana,2x ao dia,2025-02-11,2025-02-19
482,80,Omeprazol,1x ao dia,2025-03-05,2025-03-26
483,80,Losartana,1x ao dia,2025-02-05,2025-02-20
484,585,Metformina,1x a cada 8h,2025-06-15,2025-07-03
485,74,Omeprazol,2x ao dia,2025-07-18,2025-07-27
486,26,Metformina,1x a cada 8h,2025-01-04,2025-02-03
487,369,Metformina,2x ao dia,2024-11-10,2024-12-05
488,384,Omeprazol,2x ao dia,2024-11-25,2024-12-19
489,32,Losartana,2x ao dia,2024-12-19,2024-12-25
490,298,Losartana,1x a cada 8h,2024-11-23,2024-11-28
491,109,Losartana,2x ao dia,2025-05-13,2025-06-03
492,733,Metformina,1x ao dia,2024-09-30,2024-10-17
493,851,Paracetamol,1x a cada 8h,2024-09-16,2024-10-14
494,154,Omeprazol,1x a cada 8h,2024-08-08,2024-08-15
495,979,Paracetamol,1x ao dia,2025-06-04,2025-06-27
496,516,Omeprazol,1x a cada 8h,2025-05-04,2025-06-01
497,125,Paracetamol,1x a cada 8h,2025-06-30,2025-07-20
498,676,Omeprazol,2x ao dia,2025-05-02,2025-05-15
499,200,Metformina,1x ao dia,2024-10-12,2024-10-27
500,249,Metformina,1x ao dia,2025-01-06,2025-01-25
501,323,Paracetamol,1x a cada 8h,2025-02-09,2025-02-21
502,456,Omeprazol,2x ao dia,2024-11-08,2024-11-15
503,361,Paracetamol,2x ao dia,2025-03-03,2025-03-28
504,496,Losartana,2x ao dia,2025-06-29,2025-07-29
505,429,Losartana,1x a cada 8h,2025-03-19,2025-03-28
506,948,Losartana,2x ao dia,2024-11-22,2024-12-18
507,599,Losartana,1x a cada 8h,2024-08-30,2024-09-12
508,815,Metformina,2x ao dia,2024-12-04,2024-12-19
509,121,Paracetamol,2x ao dia,2024-11-10,2024-11-28
510,518,Losartana,1x a cada 8h,2024-09-25,2024-10-15
511,648,Losartana,1x ao dia,2024-09-07,2024-09-26
512,16,Losartana,1x ao dia,2024-11-11,2024-11-29
513,270,Omeprazol,1x a cada 8h,2024-11-06,2024-11-14
514,130,Paracetamol,2x ao dia,2025-01-27,2025-02-01
515,707,Losartana,1x ao dia,2025-01-09,2025-01-18
516,528,Omeprazol,2x ao dia,2024-10-17,2024-11-02
517,131,Omeprazol,1x a cada 8h,2025-07-01,2025-07-23
518,248,Metformina,1x ao dia,2024-09-26,2024-10-11
519,919,Metformina,1x a cada 8h,2024-11-12,2024-12-06
520,632,Paracetamol,1x a cada 8h,2025-07-22,2025-07-28
521,76,Metformina,2x ao dia,2025-07-14,2025-08-01
522,646,Omeprazol,1x a cada 8h,2024-10-31,2024-11-18
523,297,Omeprazol,1x a cada 8h,2025-03-15,2025-03-24
524,752,Losartana,1x a cada 8h,2025-05-11,2025-06-09
525,604,Paracetamol,1x ao dia,2024-09-02,2024-09-07
526,608,Metformina,1x a cada 8h,2025-07-17,2025-08-11
527,465,Omeprazol,2x ao dia,2024-10-20,2024-11-08
528,181,Metformina,1x ao dia,2025-04-07,2025-04-19
529,305,Omeprazol,2x ao dia,2024-11-08,2024-11-14
530,578,Omeprazol,2x ao dia,2024-09-15,2024-09-30
531,394,Metformina,1x ao dia,2024-08-29,2024-09-07
532,43,Losartana,2x ao dia,2024-10-11,2024-11-01
533,285,Metformina,1x ao dia,2025-02-22,2025-03-10
534,292,Losartana,1x ao dia,2025-06-13,2025-06-27
535,281,Omeprazol,2x ao dia,2025-02-05,2025-02-17
536,907,Losartana,2x ao dia,2025-05-12,2025-05-25
537,621,Paracetamol,1x ao dia,2024-09-26,2024-10-22
538,286,Losartana,1x ao dia,2024-08-02,2024-08-13
539,566,Losartana,1x ao dia,2025-03-12,2025-04-05
540,925,Paracetamol,1x a cada 8h,2025-07-08,2025-07-30
541,819,Losartana,1x ao dia,2024-08-07,2024-08-27
542,853,Paracetamol,2x ao dia,2025-07-03,2025-07-14
543,289,Omeprazol,1x a cada 8h,2025-02-17,2025-03-08
544,534,Losartana,2x ao dia,2025-02-16,2025-03-02
545,941,Paracetamol,1x a cada 8h,2025-05-29,2025-06-25
546,942,Paracetamol,2x ao dia,2024-10-06,2024-10-24
547,506,Metformina,1x ao dia,2024-07-25,2024-08-03
548,286,Paracetamol,2x ao dia,2025-01-28,2025-02-27
549,81,Losartana,1x a cada 8h,2025-06-11,2025-06-18
550,335,Losartana,1x a cada 8h,2025-06-07,2025-06-22
551,283,Omeprazol,1x a cada 8h,2024-08-02,2024-08-30
552,526,Paracetamol,1x a cada 8h,2024-12-13,2025-01-09
553,323,Paracetamol,2x ao dia,2024-10-09,2024-10-17
554,955,Metformina,1x ao dia,2024-11-09,2024-12-01
555,677,Paracetamol,1x a cada 8h,2025-07-23,2025-08-17
556,9,Losartana,1x ao dia,2025-03-01,2025-03-24
557,386,Losartana,1x a cada 8h,2025-01-04,2025-01-15
558,272,Omeprazol,1x ao dia,2025-05-03,2025-05-23
559,834,Losartana,1x a cada 8h,2025-01-11,2025-01-31
560,290,Losartana,1x ao dia,2025-02-10,2025-03-07
561,897,Paracetamol,1x a cada 8h,2024-09-10,2024-10-08
562,768,Losartana,1x ao dia,2025-06-10,2025-06-28
563,69,Omeprazol,1x a cada 8h,2025-01-15,2025-02-08
564,214,Losartana,1x ao dia,2024-11-14,2024-12-02
565,705,Metformina,1x a cada 8h,2025-07-14,2025-07-31
566,647,Losartana,1x a cada 8h,2024-09-03,2024-09-19
567,496,Losartana,2x ao dia,2025-04-27,2025-05-09
568,897,Metformina,1x a cada 8h,2025-04-23,2025-05-13
569,502,Omeprazol,1x a cada 8h,2025-07-14,2025-07-30
570,557,Omeprazol,2x ao dia,2025-06-16,2025-06-24
571,225,Paracetamol,2x ao dia,2024-09-07,2024-09-25
572,993,Omeprazol,2x ao dia,2025-01-11,2025-01-23
573,679,Omeprazol,1x ao dia,2025-07-03,2025-07-13
574,476,Metformina,1x a cada 8h,2025-01-06,2025-01-14
575,356,Omeprazol,1x a cada 8h,2025-01-30,2025-02-08
576,793,Omeprazol,2x ao dia,2024-11-02,2024-11-26
577,422,Losartana,1x ao dia,2024-08-25,2024-09-08
578,275,Losartana,2x ao dia,2025-06-23,2025-06-29
579,576,Metformina,2x ao dia,2024-09-14,2024-10-10
580,326,Omeprazol,2x ao dia,2024-11-08,2024-12-08
581,453,Omeprazol,2x ao dia,2025-05-03,2025-05-16
582,935,Paracetamol,2x ao dia,2025-04-08,2025-04-28
583,746,Losartana,2x ao dia,2024-09-06,2024-10-01
584,839,Paracetamol,2x ao dia,2024-12-07,2024-12-26
585,420,Losartana,1x a cada 8h,2025-05-31,2025-06-10
586,549,Losartana,1x a cada 8h,2024-08-22,2024-08-30
587,971,Metformina,1x ao dia,2025-05-08,2025-06-01
588,553,Paracetamol,1x a cada 8h,2025-05-27,2025-06-01
589,822,Omeprazol,1x ao dia,2024-10-17,2024-11-15
590,722,Metformina,2x ao dia,2025-05-01,2025-05-30
591,785,Paracetamol,1x a cada 8h,2024-08-20,2024-08-26
592,532,Losartana,2x ao dia,2024-11-27,2024-12-19
593,204,Losartana,1x a cada 8h,2024-09-21,2024-10-08
594,881,Losartana,2x ao dia,2025-02-04,2025-03-06
595,166,Metformina,2x ao dia,2024-11-30,2024-12-18
596,221,Losartana,1x ao dia,2024-11-07,2024-11-13
597,866,Paracetamol,1x a cada 8h,2025-01-15,2025-01-23
598,514,Omeprazol,2x ao dia,2025-03-24,2025-03-30
599,161,Metformina,2x ao dia,2025-05-04,2025-05-09
600,236,Losartana,1x ao dia,2025-02-07,2025-02-20
601,768,Paracetamol,2x ao dia,2025-04-10,2025-05-05
602,411,Losartana,1x a cada 8h,2025-05-20,2025-06-02
603,883,Paracetamol,1x ao dia,2024-08-20,2024-08-27
604,517,Omeprazol,1x ao dia,2025-04-23,2025-04-28
605,761,Losartana,1x ao dia,2025-04-16,2025-05-14
606,603,Omeprazol,1x ao dia,2024-11-22,2024-12-16
607,880,Metformina,2x ao dia,2025-07-04,2025-07-22
608,525,Paracetamol,2x ao dia,2025-07-17,2025-07-30
609,470,Losartana,1x ao dia,2024-08-06,2024-08-19
610,993,Omeprazol,2x ao dia,2025-01-07,2025-01-21
611,440,Paracetamol,1x ao dia,2024-08-31,2024-09-18
612,575,Metformina,2x ao dia,2025-07-20,2025-08-03
613,930,Losartana,2x ao dia,2025-04-22,2025-04-27
614,509,Omeprazol,2x ao dia,2025-05-27,2025-06-25
615,560,Paracetamol,2x ao dia,2025-02-10,2025-02-22
616,592,Paracetamol,2x ao dia,2024-11-23,2024-12-22
617,238,Omeprazol,2x ao dia,2024-10-04,2024-10-24
618,577,Paracetamol,1x a cada 8h,2025-06-14,2025-06-28
619,341,Losartana,1x a cada 8h,2025-02-24,2025-03-03
620,98,Losartana,1x ao dia,2025-04-05,2025-04-25
621,608,Losartana,1x ao dia,2025-06-13,2025-06-22
622,413,Omeprazol,1x a cada 8h,2025-06-28,2025-07-26
623,860,Losartana,1x ao dia,2025-03-23,2025-04-21
624,506,Metformina,2x ao dia,2024-08-05,2024-08-19
625,759,Metformina,1x ao dia,2025-03-26,2025-04-01
626,330,Omeprazol,1x ao dia,2025-03-23,2025-04-05
627,707,Losartana,1x a cada 8h,2024-07-26,2024-08-25
628,501,Omeprazol,2x ao dia,2024-10-26,2024-11-20
629,242,Metformina,2x ao dia,2024-09-14,2024-10-11
630,495,Paracetamol,1x ao dia,2025-03-07,2025-03-25
631,717,Paracetamol,2x ao dia,2024-12-16,2024-12-25
632,776,Paracetamol,1x ao dia,2025-06-26,2025-07-17
633,767,Paracetamol,1x ao dia,2024-10-16,2024-10-27
634,449,Paracetamol,1x ao dia,2025-04-10,2025-04-28
635,508,Losartana,1x a cada 8h,2024-10-06,2024-11-05
636,538,Omeprazol,1x ao dia,2024-11-03,2024-12-01
637,896,Omeprazol,2x ao dia,2025-01-21,2025-01-26
638,304,Paracetamol,2x ao dia,2024-09-19,2024-10-03
639,738,Metformina,1x a cada 8h,2025-01-27,2025-02-11
640,630,Metformina,1x a cada 8h,2025-06-04,2025-06-29
641,170,Losartana,2x ao dia,2024-10-03,2024-10-24
642,702,Losartana,1x a cada 8h,2025-05-03,2025-05-30
643,381,Metformina,2x ao dia,2025-01-31,2025-02-19
644,216,Metformina,1x a cada 8h,2024-11-09,2024-12-07
645,873,Losartana,1x ao dia,2024-09-12,2024-10-03
646,733,Omeprazol,1x ao dia,2024-10-08,2024-10-23
647,427,Losartana,1x ao dia,2025-03-26,2025-04-15
648,69,Paracetamol,2x ao dia,2025-06-28,2025-07-25
649,193,Losartana,1x a cada 8h,2024-08-26,2024-09-03
650,551,Omeprazol,2x ao dia,2025-02-08,2025-02-16
651,63,Omeprazol,1x a cada 8h,2025-06-20,2025-06-30
652,69,Metformina,1x a cada 8h,2025-04-29,2025-05-21
653,905,Losartana,2x ao dia,2025-05-10,2025-06-04
654,15,Losartana,2x ao dia,2024-10-14,2024-10-28
655,841,Omeprazol,1x a cada 8h,2024-07-24,2024-08-21
656,314,Metformina,1x a cada 8h,2025-01-07,2025-02-05
657,413,Metformina,1x a cada 8h,2024-08-18,2024-09-09
658,657,Losartana,1x ao dia,2025-01-29,2025-02-21
659,157,Paracetamol,1x a cada 8h,2025-02-24,2025-03-07
660,287,Losartana,2x ao dia,2025-03-17,2025-04-09
661,105,Losartana,1x a cada 8h,2024-10-11,2024-11-03
662,661,Omeprazol,2x ao dia,2025-04-24,2025-05-17
663,791,Metformina,1x a cada 8h,2024-09-30,2024-10-24
664,685,Omeprazol,1x ao dia,2024-08-07,2024-08-17
665,3,Losartana,1x ao dia,2025-01-01,2025-01-08
666,952,Losartana,1x ao dia,2025-04-16,2025-04-26
667,487,Paracetamol,2x ao dia,2024-11-02,2024-11-09
668,918,Paracetamol,1x ao dia,2025-03-18,2025-04-08
669,827,Omeprazol,2x ao dia,2024-12-17,2025-01-12
670,484,Metformina,2x ao dia,2025-03-25,2025-04-15
671,779,Paracetamol,1x ao dia,2025-03-06,2025-03-28
672,403,Omeprazol,2x ao dia,2024-10-22,2024-11-18
673,486,Metformina,2x ao dia,2025-03-27,2025-04-17
674,325,Paracetamol,1x a cada 8h,2024-12-05,2024-12-16
675,979,Losartana,1x a cada 8h,2025-01-27,2025-02-09
676,729,Losartana,2x ao dia,2025-02-14,2025-03-08
677,453,Omeprazol,1x a cada 8h,2025-04-04,2025-05-04
678,257,Paracetamol,1x a cada 8h,2024-09-30,2024-10-18
679,668,Metformina,1x ao dia,2025-06-28,2025-07-03
680,887,Metformina,2x ao dia,2024-11-16,2024-12-15
681,687,Metformina,1x a cada 8h,2025-06-14,2025-07-02
682,219,Losartana,2x ao dia,2024-10-21,2024-11-06
683,184,Paracetamol,1x ao dia,2025-06-27,2025-07-16
684,370,Losartana,1x ao dia,2024-11-13,2024-12-06
685,318,Metformina,1x ao dia,2025-04-08,2025-04-24
686,938,Metformina,1x a cada 8h,2025-01-27,2025-02-01
687,622,Metformina,1x ao dia,2025-01-29,2025-02-23
688,282,Omeprazol,2x ao dia,2025-05-28,2025-06-03
689,713,Metformina,2x ao dia,2025-03-24,2025-04-18
690,59,Paracetamol,1x a cada 8h,2024-12-22,2025-01-11
691,623,Omeprazol,2x ao dia,2025-03-12,2025-03-22
692,485,Paracetamol,1x ao dia,2024-12-08,2024-12-24
693,30,Losartana,1x a cada 8h,2025-02-19,2025-03-19
694,182,Losartana,1x ao dia,2025-01-25,2025-02-12
695,855,Paracetamol,1x ao dia,2024-11-14,2024-12-03
696,653,Paracetamol,2x ao dia,2024-08-29,2024-09-06
697,879,Metformina,1x ao dia,2024-10-16,2024-11-10
698,629,Paracetamol,2x ao dia,2024-09-04,2024-09-30
699,869,Metformina,1x a cada 8h,2025-06-30,2025-07-10
700,928,Metformina,1x a cada 8h,2025-07-06,2025-07-11
701,964,Omeprazol,2x ao dia,2025-05-12,2025-06-07
702,686,Paracetamol,1x ao dia,2025-05-15,2025-05-26
703,845,Losartana,1x a cada 8h,2024-11-11,2024-11-24
704,86,Losartana,2x ao dia,2025-01-01,2025-01-07
705,283,Losartana,1x a cada 8h,2025-01-12,2025-02-02
706,420,Losartana,1x a cada 8h,2024-11-26,2024-12-24
707,863,Paracetamol,2x ao dia,2024-10-27,2024-11-09
708,575,Metformina,1x ao dia,2025-04-06,2025-04-21
709,478,Paracetamol,1x a cada 8h,2025-01-04,2025-01-23
710,91,Paracetamol,1x ao dia,2024-09-05,2024-09-15
711,748,Paracetamol,1x ao dia,2024-09-29,2024-10-14
712,606,Paracetamol,1x ao dia,2025-01-19,2025-02-18
713,11,Losartana,1x a cada 8h,2024-11-23,2024-12-09
714,472,Paracetamol,1x a cada 8h,2025-04-05,2025-04-17
715,316,Losartana,1x a cada 8h,2024-09-05,2024-10-04
716,756,Losartana,2x ao dia,2024-12-04,2024-12-10
717,389,Metformina,1x ao dia,2025-04-19,2025-05-02
718,144,Metformina,2x ao dia,2024-12-24,2025-01-05
719,856,Losartana,2x ao dia,2025-04-22,2025-05-03
720,182,Metformina,2x ao dia,2024-09-10,2024-10-07
721,451,Metformina,1x ao dia,2025-05-19,2025-06-08
722,364,Metformina,2x ao dia,2025-06-30,2025-07-29
723,658,Omeprazol,1x a cada 8h,2025-01-26,2025-02-21
724,852,Losartana,1x ao dia,2025-06-14,2025-07-07
725,395,Losartana,1x a cada 8h,2025-05-31,2025-06-23
726,216,Omeprazol,2x ao dia,2025-06-23,2025-07-18
727,831,Metformina,1x ao dia,2025-01-28,2025-02-12
728,717,Metformina,1x ao dia,2025-03-13,2025-04-03
729,792,Losartana,2x ao dia,2024-12-30,2025-01-10
730,479,Metformina,1x ao dia,2025-04-15,2025-04-23
731,530,Losartana,2x ao dia,2024-10-22,2024-10-31
732,479,Metformina,2x ao dia,2024-08-03,2024-08-26
733,387,Paracetamol,2x ao dia,2024-11-12,2024-12-09
734,108,Metformina,1x ao dia,2024-11-04,2024-11-14
735,432,Omeprazol,2x ao dia,2025-02-05,2025-02-20
736,664,Paracetamol,1x ao dia,2024-10-14,2024-10-30
737,314,Losartana,2x ao dia,2025-07-03,2025-07-25
738,191,Paracetamol,2x ao dia,2025-06-18,2025-07-18
739,632,Omeprazol,1x a cada 8h,2025-05-23,2025-06-15
740,712,Omeprazol,1x a cada 8h,2024-12-28,2025-01-14
741,485,Losartana,2x ao dia,2024-08-15,2024-09-12
742,383,Metformina,2x ao dia,2025-02-26,2025-03-24
743,411,Metformina,1x ao dia,2025-05-18,2025-05-30
744,782,Paracetamol,2x ao dia,2024-11-25,2024-12-13
745,793,Metformina,1x a cada 8h,2024-11-01,2024-11-18
746,608,Paracetamol,1x ao dia,2025-04-11,2025-05-02
747,171,Metformina,1x a cada 8h,2024-11-23,2024-12-20
748,966,Losartana,1x a cada 8h,2024-12-29,2025-01-27
749,143,Losartana,1x a cada 8h,2024-12-21,2025-01-05
750,808,Paracetamol,1x ao dia,2025-06-02,2025-06-16
751,812,Losartana,2x ao dia,2025-01-10,2025-01-29
752,406,Losartana,2x ao dia,2025-01-04,2025-01-09
753,675,Losartana,1x ao dia,2024-12-24,2025-01-03
754,309,Metformina,1x ao dia,2024-11-01,2024-11-11
755,242,Losartana,2x ao dia,2025-07-12,2025-07-19
756,742,Losartana,1x ao dia,2024-08-13,2024-09-08
757,569,Metformina,1x ao dia,2024-11-04,2024-11-24
758,164,Metformina,1x ao dia,2025-01-27,2025-02-16
759,564,Omeprazol,1x a cada 8h,2025-05-01,2025-05-12
760,935,Omeprazol,1x a cada 8h,2024-10-16,2024-11-02
761,852,Omeprazol,1x a cada 8h,2024-12-01,2024-12-13
762,782,Paracetamol,2x ao dia,2025-03-27,2025-04-05
763,326,Losartana,2x ao dia,2025-06-05,2025-07-04
764,335,Metformina,1x a cada 8h,2024-08-09,2024-09-06
765,894,Omeprazol,1x a cada 8h,2024-11-19,2024-12-06
766,547,Paracetamol,2x ao dia,2025-01-12,2025-02-01
767,686,Paracetamol,1x ao dia,2024-12-29,2025-01-22
768,183,Losartana,2x ao dia,2024-10-16,2024-11-01
769,349,Paracetamol,1x a cada 8h,2025-03-02,2025-03-26
770,770,Omeprazol,1x ao dia,2025-06-28,2025-07-23
771,236,Losartana,2x ao dia,2024-09-25,2024-10-06
772,46,Losartana,2x ao dia,2025-02-16,2025-03-06
773,96,Metformina,2x ao dia,2024-10-11,2024-11-05
774,185,Omeprazol,1x ao dia,2025-05-21,2025-06-04
775,319,Omeprazol,1x a cada 8h,2025-03-22,2025-04-11
776,36,Metformina,2x ao dia,2024-09-03,2024-09-13
777,168,Omeprazol,1x a cada 8h,2025-03-18,2025-04-08
778,855,Paracetamol,2x ao dia,2025-03-17,2025-04-16
779,85,Metformina,1x a cada 8h,2024-11-28,2024-12-26
780,104,Omeprazol,1x ao dia,2024-09-11,2024-09-21
781,327,Losartana,1x a cada 8h,2025-03-14,2025-04-04
782,394,Omeprazol,1x ao dia,2025-02-17,2025-03-09
783,670,Omeprazol,2x ao dia,2024-07-30,2024-08-28
784,56,Metformina,2x ao dia,2025-04-29,2025-05-12
785,760,Paracetamol,1x a cada 8h,2024-07-31,2024-08-30
786,822,Omeprazol,1x a cada 8h,2025-05-30,2025-06-15
787,800,Omeprazol,1x a cada 8h,2024-12-17,2025-01-01
788,865,Metformina,1x ao dia,2024-08-27,2024-09-26
789,184,Omeprazol,1x a cada 8h,2025-05-22,2025-06-20
790,393,Paracetamol,1x ao dia,2025-04-22,2025-04-27
791,346,Metformina,1x ao dia,2024-11-29,2024-12-20
792,833,Omeprazol,2x ao dia,2025-07-12,2025-07-18
793,476,Metformina,1x ao dia,2024-12-06,2024-12-14
794,889,Omeprazol,2x ao dia,2025-05-16,2025-06-01
795,52,Metformina,2x ao dia,2025-05-16,2025-06-03
796,346,Metformina,1x ao dia,2025-02-22,2025-03-16
797,274,Losartana,2x ao dia,2024-08-16,2024-09-01
798,428,Paracetamol,2x ao dia,2025-04-03,2025-04-18
799,305,Paracetamol,1x a cada 8h,2024-08-11,2024-08-19
800,366,Paracetamol,1x a cada 8h,2025-02-09,2025-03-09
801,406,Losartana,1x ao dia,2024-10-12,2024-10-19
802,548,Paracetamol,1x ao dia,2024-12-10,2025-01-07
803,149,Omeprazol,2x ao dia,2025-02-15,2025-02-28
804,354,Omeprazol,1x a cada 8h,2024-10-08,2024-11-01
805,250,Omeprazol,1x ao dia,2024-09-21,2024-09-28
806,335,Metformina,1x ao dia,2025-06-13,2025-06-22
807,624,Paracetamol,2x ao dia,2025-02-16,2025-03-09
808,743,Paracetamol,2x ao dia,2024-12-23,2025-01-17
809,768,Metformina,2x ao dia,2025-06-21,2025-07-08
810,23,Losartana,1x a cada 8h,2025-04-27,2025-05-10
811,739,Paracetamol,2x ao dia,2024-10-20,2024-10-28
812,813,Losartana,1x a cada 8h,2024-11-12,2024-11-25
813,311,Losartana,1x a cada 8h,2025-05-30,2025-06-29
814,51,Metformina,1x a cada 8h,2024-09-23,2024-10-13
815,221,Omeprazol,2x ao dia,2025-07-11,2025-08-08
816,706,Losartana,2x ao dia,2024-12-15,2025-01-05
817,688,Paracetamol,1x a cada 8h,2024-11-28,2024-12-15
818,932,Losartana,1x a cada 8h,2024-12-30,2025-01-13
819,280,Paracetamol,2x ao dia,2024-10-14,2024-10-25
820,20,Omeprazol,1x a cada 8h,2025-02-22,2025-03-03
821,282,Metformina,2x ao dia,2025-05-03,2025-05-27
822,810,Metformina,1x ao dia,2024-10-27,2024-11-08
823,231,Paracetamol,1x a cada 8h,2025-07-23,2025-08-07
824,227,Paracetamol,1x a cada 8h,2024-07-28,2024-08-11
825,746,Omeprazol,1x a cada 8h,2024-08-06,2024-08-24
826,651,Metformina,1x a cada 8h,2025-06-16,2025-07-03
827,488,Paracetamol,2x ao dia,2024-07-30,2024-08-14
828,328,Metformina,2x ao dia,2025-05-12,2025-05-21
829,474,Omeprazol,1x ao dia,2025-07-23,2025-08-14
830,715,Losartana,1x a cada 8h,2025-02-12,2025-03-01
831,262,Omeprazol,1x ao dia,2024-08-31,2024-09-26
832,873,Paracetamol,1x a cada 8h,2025-02-02,2025-02-22
833,575,Metformina,1x ao dia,2024-12-24,2025-01-04
834,766,Metformina,2x ao dia,2025-05-26,2025-06-09
835,769,Metformina,2x ao dia,2025-01-27,2025-02-22
836,479,Paracetamol,1x ao dia,2024-08-08,2024-09-01
837,599,Losartana,1x a cada 8h,2024-09-21,2024-10-07
838,579,Omeprazol,2x ao dia,2024-11-09,2024-12-08
839,24,Metformina,1x a cada 8h,2024-11-17,2024-12-15
840,503,Losartana,2x ao dia,2024-08-01,2024-08-23
841,135,Omeprazol,1x a cada 8h,2024-10-20,2024-10-28
842,100,Omeprazol,1x ao dia,2025-03-25,2025-04-05
843,114,Metformina,1x ao dia,2025-05-18,2025-05-28
844,786,Omeprazol,1x a cada 8h,2025-04-16,2025-05-04
845,361,Losartana,2x ao dia,2024-10-27,2024-11-20
846,286,Metformina,2x ao dia,2024-08-05,2024-08-30
847,109,Metformina,1x a cada 8h,2024-11-05,2024-11-27
848,546,Omeprazol,1x ao dia,2025-05-10,2025-05-27
849,507,Omeprazol,2x ao dia,2024-09-09,2024-09-28
850,161,Losartana,2x ao dia,2025-06-03,2025-06-17
851,4,Metformina,2x ao dia,2025-05-23,2025-06-17
852,177,Paracetamol,2x ao dia,2024-12-16,2025-01-08
853,669,Omeprazol,2x ao dia,2025-04-03,2025-04-21
854,194,Paracetamol,1x a cada 8h,2024-12-25,2025-01-06
855,142,Paracetamol,1x a cada 8h,2024-09-11,2024-10-04
856,750,Omeprazol,1x ao dia,2025-06-05,2025-06-20
857,625,Losartana,1x ao dia,2025-05-06,2025-05-29
858,641,Omeprazol,1x a cada 8h,2025-06-28,2025-07-05
859,975,Metformina,1x ao dia,2024-11-04,2024-12-02
860,616,Omeprazol,1x a cada 8h,2025-06-22,2025-07-13
861,885,Losartana,1x ao dia,2024-08-24,2024-09-12
862,378,Losartana,1x ao dia,2024-08-21,2024-09-10
863,960,Losartana,2x ao dia,2024-08-20,2024-08-29
864,301,Paracetamol,1x ao dia,2025-02-03,2025-02-14
865,592,Omeprazol,2x ao dia,2025-04-29,2025-05-11
866,701,Omeprazol,1x ao dia,2025-04-22,2025-05-22
867,182,Omeprazol,1x a cada 8h,2025-05-15,2025-06-09
868,114,Metformina,1x ao dia,2025-05-03,2025-05-15
869,474,Paracetamol,1x ao dia,2024-12-31,2025-01-28
870,34,Omeprazol,1x a cada 8h,2024-07-30,2024-08-19
871,883,Omeprazol,1x ao dia,2024-07-28,2024-08-27
872,428,Metformina,1x a cada 8h,2025-05-07,2025-05-29
873,124,Paracetamol,2x ao dia,2025-06-10,2025-06-30
874,848,Paracetamol,2x ao dia,2025-02-18,2025-03-20
875,408,Paracetamol,2x ao dia,2025-03-14,2025-03-31
876,734,Omeprazol,2x ao dia,2025-07-14,2025-08-13
877,128,Paracetamol,1x ao dia,2024-09-19,2024-10-02
878,777,Paracetamol,1x a cada 8h,2024-08-29,2024-09-08
879,376,Omeprazol,1x a cada 8h,2025-05-04,2025-05-19
880,146,Losartana,2x ao dia,2025-03-08,2025-03-19
881,271,Paracetamol,2x ao dia,2025-05-26,2025-06-20
882,711,Paracetamol,2x ao dia,2024-12-21,2025-01-17
883,504,Losartana,2x ao dia,2024-10-06,2024-10-21
884,303,Omeprazol,2x ao dia,2025-06-10,2025-07-10
885,462,Metformina,1x a cada 8h,2025-03-15,2025-03-28
886,609,Paracetamol,1x ao dia,2025-06-21,2025-06-30
887,535,Metformina,1x ao dia,2024-11-21,2024-12-03
888,902,Metformina,1x a cada 8h,2025-05-23,2025-06-08
889,731,Metformina,2x ao dia,2024-11-25,2024-12-22
890,163,Metformina,2x ao dia,2025-01-04,2025-01-31
891,451,Metformina,1x ao dia,2025-02-06,2025-03-06
892,825,Losartana,1x ao dia,2025-05-07,2025-05-31
893,300,Omeprazol,2x ao dia,2024-08-01,2024-08-26
894,234,Paracetamol,1x ao dia,2024-11-17,2024-12-10
895,311,Losartana,1x a cada 8h,2024-11-06,2024-11-11
896,266,Metformina,1x a cada 8h,2025-01-17,2025-02-07
897,764,Omeprazol,2x ao dia,2024-10-09,2024-11-02
898,922,Losartana,2x ao dia,2024-08-30,2024-09-24
899,160,Metformina,1x a cada 8h,2024-11-02,2024-11-18
900,388,Omeprazol,1x a cada 8h,2025-04-03,2025-04-13
901,892,Omeprazol,1x ao dia,2025-03-03,2025-03-23
902,919,Omeprazol,1x ao dia,2025-01-22,2025-02-17
903,970,Paracetamol,2x ao dia,2024-12-16,2024-12-28
904,317,Losartana,1x ao dia,2024-11-13,2024-11-22
905,285,Paracetamol,1x a cada 8h,2025-01-05,2025-01-16
906,366,Omeprazol,2x ao dia,2024-08-28,2024-09-20
907,935,Paracetamol,1x a cada 8h,2024-10-17,2024-11-16
908,807,Losartana,1x a cada 8h,2024-12-27,2025-01-07
909,373,Paracetamol,2x ao dia,2025-02-25,2025-03-22
910,102,Metformina,1x a cada 8h,2024-11-08,2024-11-15
911,278,Paracetamol,1x ao dia,2025-01-26,2025-02-14
912,581,Losartana,1x ao dia,2024-11-10,2024-11-23
913,817,Losartana,1x a cada 8h,2025-07-10,2025-08-04
914,879,Losartana,1x ao dia,2025-04-21,2025-05-18
915,735,Omeprazol,1x ao dia,2025-02-15,2025-02-21
916,624,Metformina,1x a cada 8h,2025-02-04,2025-02-17
917,94,Losartana,1x a cada 8h,2024-10-25,2024-11-01
918,928,Losartana,1x a cada 8h,2024-12-18,2025-01-01
919,63,Losartana,1x ao dia,2024-07-29,2024-08-10
920,600,Omeprazol,2x ao dia,2025-02-01,2025-02-09
921,550,Paracetamol,2x ao dia,2025-05-01,2025-05-31
922,650,Paracetamol,1x ao dia,2024-12-22,2025-01-11
923,120,Omeprazol,1x ao dia,2024-12-14,2025-01-03
924,203,Paracetamol,1x a cada 8h,2025-05-15,2025-06-07
925,221,Omeprazol,2x ao dia,2025-02-20,2025-03-15
926,10,Omeprazol,1x ao dia,2025-04-26,2025-05-24
927,908,Omeprazol,1x a cada 8h,2024-09-03,2024-09-14
928,604,Omeprazol,1x ao dia,2025-01-14,2025-01-27
929,773,Omeprazol,1x a cada 8h,2024-10-18,2024-10-31
930,505,Losartana,2x ao dia,2025-03-04,2025-03-25
931,495,Metformina,1x a cada 8h,2024-08-01,2024-08-15
932,271,Losartana,2x ao dia,2024-12-24,2025-01-06
933,695,Metformina,1x a cada 8h,2025-05-18,2025-06-06
934,115,Losartana,2x ao dia,2024-10-21,2024-10-26
935,327,Omeprazol,2x ao dia,2025-01-12,2025-01-22
936,184,Paracetamol,2x ao dia,2024-12-13,2025-01-08
937,312,Paracetamol,2x ao dia,2025-01-24,2025-02-08
938,654,Losartana,1x ao dia,2025-02-26,2025-03-27
939,112,Losartana,1x ao dia,2024-09-03,2024-09-17
940,514,Metformina,2x ao dia,2025-03-29,2025-04-27
941,544,Omeprazol,1x ao dia,2024-11-20,2024-12-16
942,308,Losartana,1x a cada 8h,2024-11-29,2024-12-25
943,159,Metformina,1x ao dia,2024-09-16,2024-09-27
944,785,Omeprazol,1x ao dia,2025-06-02,2025-06-12
945,625,Losartana,2x ao dia,2025-03-24,2025-04-14
946,486,Omeprazol,1x a cada 8h,2024-08-24,2024-09-06
947,235,Metformina,2x ao dia,2024-08-29,2024-09-12
948,380,Losartana,2x ao dia,2025-02-25,2025-03-12
949,745,Metformina,1x a cada 8h,2024-09-26,2024-10-11
950,461,Metformina,2x ao dia,2024-10-11,2024-11-03
951,403,Omeprazol,1x ao dia,2025-06-23,2025-07-22
952,963,Omeprazol,1x ao dia,2025-07-23,2025-08-10
953,363,Losartana,2x ao dia,2025-01-29,2025-02-27
954,281,Paracetamol,1x a cada 8h,2025-03-10,2025-03-21
955,214,Metformina,2x ao dia,2024-10-28,2024-11-13
956,25,Metformina,2x ao dia,2024-08-24,2024-09-23
957,392,Metformina,1x a cada 8h,2024-09-15,2024-10-07
958,757,Losartana,1x ao dia,2024-12-26,2025-01-19
959,516,Omeprazol,2x ao dia,2025-03-19,2025-03-27
960,77,Losartana,1x ao dia,2025-06-13,2025-06-28
961,741,Omeprazol,1x a cada 8h,2025-01-22,2025-02-14
962,482,Paracetamol,1x a cada 8h,2025-02-11,2025-02-28
963,705,Omeprazol,1x ao dia,2025-04-29,2025-05-12
964,622,Omeprazol,1x ao dia,2025-06-14,2025-06-22
965,58,Metformina,2x ao dia,2025-02-28,2025-03-22
966,379,Omeprazol,2x ao dia,2025-05-14,2025-05-22
967,484,Losartana,1x a cada 8h,2024-10-21,2024-10-28
968,333,Omeprazol,1x ao dia,2024-08-14,2024-08-23
969,604,Metformina,1x a cada 8h,2025-05-17,2025-05-28
970,576,Paracetamol,2x ao dia,2025-01-30,2025-02-11
971,336,Metformina,1x a cada 8h,2024-10-28,2024-11-18
972,837,Metformina,1x a cada 8h,2024-12-29,2025-01-03
973,144,Paracetamol,1x a cada 8h,2024-11-20,2024-12-17
974,757,Metformina,2x ao dia,2025-05-06,2025-06-04
975,457,Losartana,1x ao dia,2024-12-01,2024-12-16
976,480,Losartana,2x ao dia,2025-06-12,2025-06-28
977,342,Losartana,1x a cada 8h,2024-09-19,2024-10-16
978,266,Metformina,1x a cada 8h,2024-08-06,2024-09-03
979,956,Paracetamol,1x ao dia,2024-11-24,2024-12-02
980,658,Omeprazol,2x ao dia,2025-04-16,2025-05-03
981,826,Omeprazol,1x ao dia,2025-02-27,2025-03-20
982,62,Metformina,1x ao dia,2025-03-12,2025-04-04
983,448,Paracetamol,1x a cada 8h,2024-12-27,2025-01-26
984,335,Omeprazol,2x ao dia,2025-06-26,2025-07-19
985,342,Paracetamol,1x a cada 8h,2024-07-25,2024-08-01
986,579,Paracetamol,1x a cada 8h,2024-11-04,2024-12-03
987,116,Losartana,1x a cada 8h,2025-04-17,2025-04-24
988,588,Omeprazol,1x a cada 8h,2024-10-12,2024-11-06
989,196,Paracetamol,1x a cada 8h,2025-05-12,2025-05-30
990,838,Metformina,2x ao dia,2025-02-26,2025-03-17
991,911,Losartana,1x a cada 8h,2025-05-27,2025-06-11
992,75,Losartana,1x a cada 8h,2025-01-28,2025-02-20
993,348,Omeprazol,1x a cada 8h,2025-02-19,2025-03-20
994,710,Omeprazol,1x ao dia,2025-02-02,2025-02-19
995,589,Metformina,1x ao dia,2024-11-21,2024-12-15
996,849,Omeprazol,1x ao dia,2025-04-02,2025-04-07
997,231,Metformina,2x ao dia,2024-10-22,2024-10-31
998,266,Losartana,1x a cada 8h,2024-11-24,2024-12-20
999,787,Metformina,1x a cada 8h,2025-01-18,2025-02-06
1000,670,Losartana,1x a cada 8h,2025-04-24,2025-05-10
